Player,Team,Position,Apps,Mins,Goals,Assists,YelCard,RedCard,SpG,PS,AerialsWon,MotM,Ratting
Lionel Messi,PSG,"AM(CR),FW",13,1132,7,10,0,0,4.3,83.4,0.0,7,8.65
Neymar,PSG,"AM(CLR),FW",12,1085,11,9,3,0,2.4,82.6,0.1,2,7.96
Erling Haaland,Man City,FW,12,1041,18,3,2,0,4.0,76.5,1.0,3,7.9
Kylian Mbappé,PSG,"AM(LR),FW",13,1146,12,2,2,0,4.3,84.0,0.4,1,7.87
Kevin De Bruyne,Man City,"M(CLR),FW",13,1135,3,9,0,0,2.4,79.5,0.4,5,7.76
Martin Terrier,Rennes,"AM(CL),FW",14,1204,8,3,0,0,3.0,76.4,4.0,7,7.76
Robert Lewandowski,Barcelona,FW,13,1068,13,4,0,1,3.6,80.0,1.1,7,7.73
Joshua Kimmich,Bayern,"D(CR),DMC,M(R)",14,1277,2,3,3,0,1.2,89.2,0.7,1,7.67
Rémy Cabella,Lille,"M(CLR),FW",8,724,3,5,0,0,1.2,86.4,0.2,1,7.65
Jamal Musiala,Bayern,M(CL),12,1000,9,6,0,0,2.6,83.9,0.5,3,7.64
Kieran Trippier,Newcastle,"D(LR),M(R)",15,1327,1,3,3,0,0.4,77.3,1.2,5,7.6
Gabriel Jesus,Arsenal,"AM(LR),FW",14,1226,5,5,4,0,3.6,81.9,1.7,2,7.59
Khvicha Kvaratskhelia,Napoli,AM(CLR),11,876,6,5,0,0,2.8,81.6,0.2,4,7.55
Harry Kane,Tottenham,"AM(C),FW",15,1338,12,1,4,0,3.7,73.3,1.2,2,7.47
Marcus Thuram,Borussia M.Gladbach,"AM(L),FW",15,1350,10,3,2,0,3.7,73.3,1.3,3,7.45
Jude Bellingham,Borussia Dortmund,M(CLR),15,1350,3,2,4,0,2.1,82.5,1.5,4,7.45
Vinícius Júnior,Real Madrid,"AM(L),FW",14,1231,6,3,3,0,2.6,82.0,0.0,2,7.44
Alexandre Lacazette,Lyon,"M(CLR),FW",15,1303,9,3,2,0,3.1,73.1,0.7,2,7.44
Christopher Nkunku,RBL,"M(CLR),FW",14,1283,12,0,1,0,2.9,82.6,0.8,5,7.43
Niclas Füllkrug,Werder Bremen,FW,14,1219,10,2,4,0,3.3,62.5,5.1,4,7.42
Aleksandar Mitrovic,Fulham,FW,12,1021,9,0,4,0,4.7,57.2,5.2,3,7.42
Enzo Le Fée,Lorient,M(CLR),15,1334,2,3,1,0,1.3,84.8,0.4,3,7.42
Victor Osimhen,Napoli,FW,10,905,9,2,1,0,4.4,74.0,2.3,2,7.42
Sergej Milinkovic-Savic,Lazio,AM(C),13,1157,3,7,6,0,1.5,76.3,2.2,3,7.41
Vincenzo Grifo,Freiburg,AM(CL),14,1130,9,2,0,0,2.3,80.1,0.4,3,7.41
Dango Ouattara,Lorient,AM(LR),14,1197,5,4,1,1,2.7,65.9,1.9,2,7.4
Florian Sotoca,Lens,"AM(CR),FW",14,1239,6,5,3,0,2.8,81.0,1.3,3,7.4
Rodrygo,Real Madrid,"AM(CLR),FW",10,914,4,4,1,0,3.3,88.1,0.7,1,7.4
James Maddison,Leicester,AM(CLR),13,1100,7,4,5,0,3.0,84.2,0.2,3,7.39
Martin Ødegaard,Arsenal,AM(CR),13,1083,6,2,2,0,2.3,81.3,0.5,3,7.38
Phil Foden,Man City,"AM(CLR),FW",11,911,7,3,1,0,1.9,85.6,0.6,0,7.37
Paulo Dybala,Roma,"AM(CR),FW",8,601,5,2,2,0,2.9,82.8,0.2,2,7.36
Michael Gregoritsch,Freiburg,"AM(CR),FW",15,1128,6,3,2,0,2.5,56.0,4.9,3,7.36
Bukayo Saka,Arsenal,"D(L),M(CLR)",14,1179,4,6,3,0,2.1,83.9,0.3,1,7.35
Gabriel Martinelli,Arsenal,"AM(L),FW",14,1187,5,2,1,0,2.4,85.1,0.4,1,7.35
Federico Valverde,Real Madrid,M(CLR),12,1108,6,2,1,0,2.2,89.5,0.9,3,7.35
Rodri,Man City,DMC,13,1125,0,3,1,0,1.5,91.1,2.7,0,7.34
Benjamin André,Lille,"D(R),M(CLR)",14,1218,1,1,4,0,0.9,84.8,3.5,2,7.34
Ousmane Dembélé,Barcelona,"AM(CLR),FW",11,874,4,5,3,0,2.1,84.7,0.1,2,7.33
Bruno Guimarães,Newcastle,DMC,12,999,3,2,1,0,0.8,83.1,0.3,1,7.33
Jonathan David,Lille,"AM(C),FW",15,1331,9,3,3,0,3.3,83.9,0.3,3,7.33
Serge Gnabry,Bayern,"AM(CLR),FW",10,834,8,3,0,0,2.7,83.1,0.1,2,7.33
Amine Gouiri,Rennes,"AM(L),FW",10,794,6,1,1,0,2.4,80.5,0.9,0,7.32
Rodrigo Bentancur,Tottenham,M(C),13,1186,4,2,5,0,0.9,86.1,0.9,1,7.32
Mikel Merino,Real Sociedad,M(C),13,1129,1,6,5,0,1.7,77.0,3.3,4,7.31
Ivan Toney,Brentford,FW,14,1260,10,2,5,0,2.9,64.1,3.1,2,7.3
Eric Choupo-Moting,Bayern,"M(CLR),FW",6,520,6,2,0,0,1.5,75.5,1.0,2,7.29
Adrien Rabiot,Juventus,"DMC,M(L)",11,935,3,2,1,0,1.2,85.5,1.0,1,7.28
Leroy Sané,Bayern,"M(CLR),FW",8,840,5,3,3,0,3.1,83.8,0.3,0,7.27
Thomas Partey,Arsenal,"D(R),M(CR)",11,961,2,0,1,0,1.1,87.5,1.2,1,7.27
Randal Kolo Muani,Eintracht Frankfurt,"AM(R),FW",13,1122,5,9,1,1,2.0,65.8,1.4,3,7.25
Jonas Hofmann,Borussia M.Gladbach,"D(R),M(CLR)",13,1155,5,4,0,0,1.5,78.8,0.5,2,7.25
Frenkie de Jong,Barcelona,"D(C),DMC",9,898,2,1,0,0,1.0,90.5,0.5,0,7.24
Mário Rui,Napoli,"D(L),M(L)",11,977,0,5,2,0,0.5,83.1,0.7,1,7.23
Dominik Szoboszlai,RBL,AM(CLR),11,953,1,7,0,1,1.4,83.2,0.1,1,7.23
Joelinton,Newcastle,"AM(CLR),FW",12,1060,1,1,5,0,1.5,81.7,1.8,1,7.22
Konstantinos Mavropanos,Stuttgart,D(CR),13,1149,2,1,5,0,1.9,79.9,2.5,1,7.22
Pedri,Barcelona,AM(CL),12,1030,3,0,0,0,0.7,91.1,0.1,2,7.21
Marco Verratti,PSG,M(C),14,1060,0,0,5,0,0.2,94.0,0.2,0,7.21
Willi Orbán,RBL,D(C),15,1350,3,0,1,0,1.0,88.4,3.5,0,7.21
Lorenzo Pellegrini,Roma,M(CL),13,1105,1,4,2,0,2.5,79.5,0.5,4,7.21
Lautaro Martínez,Inter,FW,14,1219,7,3,1,0,3.4,75.1,1.1,2,7.21
Benjamin Pavard,Bayern,"D(CLR),M(R)",11,1018,1,0,2,0,1.1,89.1,1.5,1,7.21
Roberto Firmino,Liverpool,"M(CLR),FW",11,937,7,3,0,0,2.5,79.6,1.0,2,7.2
Antoine Griezmann,Atletico,"AM(CLR),FW",7,772,5,3,0,0,1.9,84.7,0.5,2,7.2
Mattia Zaccagni,Lazio,"AM(CL),FW",13,1026,5,3,2,0,1.7,83.9,0.2,1,7.19
Miguel Almirón,Newcastle,"AM(CLR),FW",15,1264,8,1,0,0,2.5,85.5,0.3,1,7.19
Maximilian Arnold,Wolfsburg,M(CR),15,1310,3,2,4,0,1.1,81.0,0.9,2,7.19
Brais Méndez,Real Sociedad,"AM(CR),FW",13,1125,6,2,4,0,2.1,84.3,0.6,0,7.18
Armand Laurienté,Sassuolo,"AM(LR),FW",9,753,2,3,1,1,2.1,81.6,0.1,2,7.18
Frank Anguissa,Napoli,M(C),13,1098,2,3,1,0,1.8,88.5,1.4,1,7.18
Hakan Çalhanoglu,Inter,"M(CLR),FW",13,1079,2,4,1,0,1.7,87.5,0.5,2,7.17
Joselu,Espanyol,FW,14,1260,7,1,1,0,2.7,61.8,5.1,1,7.17
Aleix García,Girona,DMC,14,1247,0,3,1,0,1.4,89.7,0.5,1,7.17
Sadio Mané,Bayern,"AM(CLR),FW",12,913,6,3,1,0,2.9,74.8,0.7,0,7.17
Fabian Schär,Newcastle,D(C),14,1245,1,0,4,0,1.1,75.7,2.4,0,7.17
José Gayà,Valencia,"D(L),M(L)",10,866,0,2,1,0,1.0,83.8,0.8,2,7.17
Rafal Gikiewicz,Augsburg,GK,11,990,0,0,2,0,0.0,60.3,0.0,3,7.17
Bruno Fernandes,Man Utd,M(CLR),13,1170,2,1,5,0,2.0,77.8,0.6,1,7.16
Piotr Zielinski,Napoli,M(CL),11,917,3,5,0,0,1.7,84.3,0.0,1,7.16
Ciro Immobile,Lazio,FW,10,818,6,3,2,0,2.5,75.1,0.5,3,7.16
Daichi Kamada,Eintracht Frankfurt,"AM(CLR),FW",11,964,7,3,1,0,1.5,84.5,0.4,2,7.15
Aurélien Tchouaméni,Real Madrid,DMC,11,903,0,2,1,0,1.2,93.2,1.8,1,7.15
Gianluigi Donnarumma,PSG,GK,15,1350,0,0,1,0,0.0,86.8,0.2,2,7.15
João Cancelo,Man City,"D(LR),M(R)",14,1121,2,1,3,1,1.1,87.3,1.7,1,7.15
Lucas Martínez,Fiorentina,D(C),12,1046,1,0,2,0,0.9,83.5,3.2,1,7.14
Bernd Leno,Fulham,GK,13,1170,0,0,0,0,0.0,74.3,0.5,1,7.14
Nabil Bentaleb,Angers,M(C),12,1074,2,1,0,0,1.1,82.3,1.3,3,7.14
Gerónimo Rulli,Villarreal,GK,14,1260,0,0,1,0,0.0,83.7,0.2,2,7.14
Vedat Muriqi,Mallorca,FW,12,1043,8,1,3,1,3.1,61.1,4.8,3,7.14
Moussa Diaby,Leverkusen,"M(CLR),FW",15,1257,6,3,1,0,1.9,80.9,0.2,1,7.13
Yann Sommer,Borussia M.Gladbach,GK,10,900,0,0,0,0,0.0,80.5,0.0,2,7.13
Dodi Lukébakio,Hertha Berlin,"AM(CLR),FW",15,1266,7,1,5,0,2.5,72.9,0.7,3,7.13
Bernardo Silva,Man City,"M(CLR),FW",12,1069,2,5,1,0,1.0,89.9,0.0,0,7.12
Branco van den Boomen,Toulouse,DMC,15,1330,1,4,2,0,1.8,82.6,0.2,0,7.12
Andrei Girotto,Nantes,"D(C),DMC",14,1245,0,1,3,0,0.7,84.4,2.1,1,7.12
Rafael Leão,AC Milan,"AM(L),FW",12,1012,6,4,2,1,3.6,79.4,0.7,4,7.12
Kim Min-Jae,Napoli,D(C),14,1260,2,0,2,0,0.4,89.6,3.1,0,7.11
Breel Embolo,Monaco,"AM(CR),FW",13,1094,7,2,2,0,1.6,68.0,1.1,1,7.1
Ilkay Gündogan,Man City,M(C),10,894,2,2,0,0,1.8,89.7,0.9,0,7.1
Gerard Deulofeu,Udinese,"AM(CLR),FW",15,1206,2,6,1,0,2.9,80.2,0.1,2,7.1
Guido Rodríguez,Real Betis,DMC,12,1045,0,0,2,0,0.7,88.7,1.1,1,7.1
Son Heung-Min,Tottenham,"M(CLR),FW",12,1035,3,2,0,0,2.8,80.6,0.3,2,7.1
Achraf Hakimi,PSG,"D(LR),M(R)",12,1076,3,1,3,0,0.6,89.2,0.3,0,7.09
Terem Moffi,Lorient,"AM(R),FW",13,1043,10,0,1,0,1.9,74.7,0.9,1,7.09
Romain Del Castillo,Brest,"AM(LR),FW",6,517,4,2,2,0,1.7,71.9,0.2,2,7.09
Ismaël Bennacer,AC Milan,DMC,12,1071,1,1,2,0,0.4,88.7,0.9,1,7.09
Seko Fofana,Lens,M(C),12,1116,3,2,0,0,2.3,90.7,0.5,2,7.08
Matthias Ginter,Freiburg,"D(CR),DMC",15,1350,2,1,2,0,0.6,84.2,3.4,0,7.08
Rafael Tolói,Atalanta,D(C),10,857,1,0,3,0,1.0,75.3,1.6,1,7.08
Adam Ounas,Lille,"AM(CLR),FW",7,665,1,1,1,0,1.9,80.2,0.4,0,7.08
Alphonso Davies,Bayern,"D(L),M(LR)",12,1005,0,1,0,0,0.6,89.1,0.2,1,7.08
Nuno Mendes,PSG,"D(L),M(L)",8,753,1,3,1,0,0.4,85.9,0.4,0,7.08
Paulo Otávio,Wolfsburg,"D(L),M(L)",13,1132,0,4,4,0,0.7,75.2,1.2,0,7.07
Pau López,Marseille,GK,12,1080,0,1,1,0,0.0,75.4,0.2,0,7.07
Alassane Plea,Borussia M.Gladbach,"AM(CLR),FW",10,830,2,7,2,0,1.4,71.9,0.5,2,7.07
Pierre-Emile Højbjerg,Tottenham,M(C),14,1245,3,2,1,0,1.1,89.2,0.4,1,7.07
Toni Kroos,Real Madrid,M(C),10,863,1,2,0,1,1.1,94.6,0.3,1,7.06
Florian Kainz,FC Koln,AM(CLR),13,1043,5,4,1,1,2.1,72.5,0.4,2,7.06
Casemiro,Man Utd,DMC,7,709,1,1,2,0,0.8,79.1,2.1,1,7.06
Wilfried Zaha,Crystal Palace,"AM(LR),FW",13,1149,6,2,3,0,2.7,82.9,0.3,2,7.06
Jeremie Frimpong,Leverkusen,"D(R),M(R)",14,1182,5,2,1,0,1.0,79.2,0.4,1,7.06
Florian Tardieu,Troyes,M(C),10,880,3,0,2,0,1.0,90.5,0.6,0,7.05
Alexis Mac Allister,Brighton,"M(CL),FW",14,1257,5,0,4,0,1.9,88.7,0.6,1,7.05
Leon Goretzka,Bayern,M(CR),9,706,3,1,1,0,2.0,82.1,1.6,1,7.05
Leandro Trossard,Brighton,"M(CLR),FW",14,1183,7,2,1,0,2.6,74.2,0.4,2,7.05
Callum Wilson,Newcastle,FW,10,795,6,2,1,0,2.5,71.6,1.0,1,7.05
Yeray Álvarez,Athletic Bilbao,D(C),12,1058,0,1,2,0,0.4,81.7,2.2,1,7.04
Pascal Struijk,Leeds,"D(CL),DMC",13,1165,1,1,2,0,0.8,79.5,2.5,0,7.04
Aleksandr Golovin,Monaco,M(CLR),11,969,3,3,1,0,1.9,75.3,0.4,2,7.04
Ivan Provedel,Lazio,GK,14,1342,0,0,0,0,0.0,75.7,0.2,0,7.04
Felipe Anderson,Lazio,"M(CLR),FW",15,1226,3,2,1,0,1.0,79.9,0.3,1,7.03
Nicolò Barella,Inter,AM(C),15,1288,5,5,2,0,0.9,84.0,0.9,1,7.03
Thiago Silva,Chelsea,D(C),11,1073,0,2,1,0,0.5,89.6,2.3,1,7.03
Jonathan Clauss,Marseille,"D(R),M(R)",14,1112,1,5,0,0,1.4,76.3,0.2,2,7.03
Ardian Ismajli,Empoli,D(C),10,935,0,0,1,0,0.5,81.5,2.3,2,7.03
Téji Savanier,Montpellier,M(C),12,1024,4,1,2,1,2.1,77.7,0.5,2,7.03
Juan Cuadrado,Juventus,"D(R),M(CLR),FW",13,1029,0,3,3,1,1.1,85.7,0.4,2,7.03
Granit Xhaka,Arsenal,"D(L),M(C)",14,1169,3,3,2,0,1.1,85.1,1.1,1,7.03
Alisson,Liverpool,GK,14,1260,0,1,0,0,0.0,81.6,0.3,2,7.03
Jaka Bijol,Udinese,"D(C),M(C),FW",12,941,2,0,3,0,0.3,85.4,3.1,1,7.03
Alessio Romagnoli,Lazio,D(CL),13,1195,1,0,0,0,0.5,89.5,2.1,1,7.03
Enes Ünal,Getafe,FW,14,1220,4,2,3,0,2.2,63.7,4.6,2,7.03
Ramy Bensebaïni,Borussia M.Gladbach,"D(CL),DMC,M(L)",14,1251,5,0,3,0,1.6,77.0,2.4,0,7.02
Fabiano Parisi,Empoli,D(L),14,1222,2,0,3,0,0.9,75.2,0.8,0,7.02
Manuel Locatelli,Juventus,M(C),12,978,0,0,3,0,0.9,83.3,1.2,0,7.02
Frederik Rønnow,Union Berlin,GK,11,990,0,0,1,0,0.0,67.3,0.3,2,7.02
Mama Baldé,Troyes,"D(R),M(CLR),FW",14,1212,7,3,2,1,2.9,70.6,1.3,3,7.02
Nico Schlotterbeck,Borussia Dortmund,D(C),15,1285,1,2,3,0,0.5,86.4,2.5,0,7.02
Benjamin Bourigeaud,Rennes,M(CLR),15,1190,2,4,0,0,1.5,78.6,0.1,1,7.02
Theo Hernández,AC Milan,"D(L),M(L)",13,1155,2,2,5,0,2.2,79.5,1.4,1,7.01
Mats Hummels,Borussia Dortmund,D(C),13,1062,0,0,4,0,0.4,88.5,2.5,0,7.01
Rasmus Nicolaisen,Toulouse,D(C),14,1197,0,2,2,1,0.4,82.4,4.0,1,7.01
Mitchell Weiser,Werder Bremen,"D(R),M(R)",15,1290,1,6,4,0,0.9,71.2,0.9,1,7.01
Ibañez,Roma,D(C),15,1350,1,0,3,0,0.6,89.3,1.6,0,7.01
Dusan Vlahovic,Juventus,FW,10,854,6,1,0,0,3.1,71.3,1.7,2,7.0
Sergi Darder,Espanyol,M(CL),14,1235,2,1,2,0,1.3,78.8,0.1,2,7.0
Rúben Neves,Wolves,DMC,14,1260,4,0,6,0,1.9,85.1,0.8,3,7.0
Anton Stach,Mainz,M(C),12,1018,1,3,3,0,1.5,70.0,2.5,1,7.0
Alejandro Balde,Barcelona,D(LR),12,973,0,3,2,0,0.5,91.7,0.3,0,7.0
Caio Henrique,Monaco,"D(L),M(CL)",12,1086,1,5,2,0,0.5,78.5,0.1,1,7.0
Diogo Dalot,Man Utd,"D(LR),M(R)",13,1166,0,1,5,0,0.8,77.8,1.8,2,7.0
Isi Palazón,Rayo Vallecano,AM(R),12,997,3,3,1,0,2.3,84.3,0.6,0,7.0
Julian Brandt,Borussia Dortmund,"M(CLR),FW",12,1060,4,2,0,0,0.9,82.6,0.3,1,6.99
Nicolás Tagliafico,Lyon,"D(CL),M(L)",15,1329,1,2,2,0,0.7,88.1,1.0,1,6.99
Eberechi Eze,Crystal Palace,AM(CLR),14,1148,2,3,0,0,1.9,84.5,0.4,1,6.99
James Tarkowski,Everton,D(C),15,1350,0,0,2,0,0.7,81.6,3.0,1,6.99
Wataru Endo,Stuttgart,DMC,14,1215,2,0,0,0,1.6,75.9,2.4,0,6.99
Axel Disasi,Monaco,D(C),15,1350,1,3,2,0,0.7,82.5,2.3,1,6.99
Ben Mee,Brentford,D(CL),14,1210,2,1,1,0,0.7,78.0,3.6,1,6.99
Iago Aspas,Celta Vigo,"AM(CR),FW",12,1121,7,2,2,0,2.0,79.6,0.6,1,6.99
Wout Faes,Leicester,D(C),9,810,0,0,1,0,0.3,85.9,2.0,0,6.99
Jean-Ricner Bellegarde,Strasbourg,M(CLR),15,1300,1,3,3,0,1.1,80.7,0.5,3,6.99
Marvin Ducksch,Werder Bremen,FW,15,1307,3,3,1,0,2.8,71.9,0.7,1,6.98
Kevin Danso,Lens,D(C),15,1350,1,1,3,0,0.6,88.9,2.5,2,6.98
Mohamed Salah,Liverpool,"AM(CLR),FW",14,1239,6,3,0,0,3.6,76.4,0.1,0,6.98
Teun Koopmeiners,Atalanta,"D(C),M(C)",14,1296,4,1,3,0,1.8,76.4,0.8,1,6.98
Danilo,Juventus,"D(CLR),DMC",14,1272,0,2,2,0,0.6,83.4,1.3,0,6.98
Koen Casteels,Wolfsburg,GK,15,1350,0,0,0,0,0.0,74.0,0.1,1,6.98
Darwin Núñez,Liverpool,"AM(CL),FW",7,606,5,2,0,1,3.9,74.3,1.4,2,6.98
Lee Kang-In,Mallorca,"AM(CLR),FW",13,1097,2,3,4,0,1.4,82.3,0.2,2,6.97
Gabriel Magalhães,Arsenal,D(C),14,1260,2,0,2,0,0.9,89.9,2.1,2,6.97
Jonathan Bamba,Lille,"AM(CLR),FW",14,1256,4,3,3,0,2.0,82.6,0.9,0,6.97
Dejan Kulusevski,Tottenham,"AM(CR),FW",7,615,1,5,0,0,1.4,84.5,0.2,1,6.97
Jordan Pickford,Everton,GK,14,1260,0,1,3,0,0.0,55.7,0.2,3,6.97
Gaëtan Laborde,Nice,"AM(CLR),FW",8,735,3,0,0,0,1.8,70.1,1.7,1,6.97
Daniel Parejo,Villarreal,M(C),14,1230,0,2,2,0,0.8,89.0,0.3,1,6.97
Alexis Flips,Reims,M(CR),8,645,1,2,1,1,1.4,69.6,0.5,1,6.97
Youri Tielemans,Leicester,M(C),14,1172,3,1,1,0,1.1,86.4,0.8,0,6.97
Dayot Upamecano,Bayern,D(C),15,1342,0,0,1,0,0.3,90.5,2.1,0,6.97
Alfonso Pedraza,Villarreal,"D(L),M(L)",10,808,0,1,1,0,1.5,79.9,0.9,0,6.97
Samuel Lino,Valencia,"AM(LR),FW",14,1216,2,0,3,0,2.7,82.6,0.5,1,6.97
Sheraldo Becker,Union Berlin,"AM(CLR),FW",15,1066,7,3,1,0,1.6,69.2,0.5,2,6.96
Rodrigo,Leeds,"M(CLR),FW",12,895,9,1,1,0,3.0,72.6,1.2,1,6.96
Alex Berenguer,Athletic Bilbao,"D(LR),M(CLR),FW",12,1032,3,1,0,0,2.0,74.2,1.4,0,6.96
Vinicius Souza,Espanyol,DMC,14,1194,0,0,4,0,0.3,81.9,2.6,1,6.96
Giovanni Di Lorenzo,Napoli,"D(CLR),M(R)",15,1339,0,2,1,0,0.8,88.5,0.8,0,6.96
Iñaki Williams,Athletic Bilbao,"AM(CLR),FW",14,1149,5,1,0,0,2.4,70.5,0.8,1,6.96
Declan Rice,West Ham,"D(C),DMC",15,1350,1,2,2,0,1.2,90.4,1.0,1,6.96
Fikayo Tomori,AC Milan,D(CR),14,1284,1,0,1,0,0.3,88.5,2.1,2,6.96
Rony Lopes,Troyes,"AM(CLR),FW",9,644,2,4,2,0,2.1,81.1,0.5,0,6.95
Rodrigo Becão,Udinese,D(C),9,783,1,1,5,0,0.6,79.5,2.1,0,6.95
Nico Williams,Athletic Bilbao,AM(R),13,1076,3,3,0,0,1.7,79.1,0.4,2,6.95
Ozan Kabak,Hoffenheim,D(C),14,1257,2,2,4,1,1.1,85.4,3.5,1,6.95
João Palhinha,Fulham,DMC,14,1253,2,0,5,0,1.1,83.0,2.1,1,6.95
Azor Matusiwa,Reims,DMC,9,785,0,0,1,0,0.3,81.7,1.4,0,6.95
Jeremías Ledesma,Cadiz,GK,14,1260,0,0,0,0,0.0,48.1,0.0,2,6.95
Nuno Tavares,Marseille,"D(L),M(L)",11,1102,3,0,4,0,2.0,80.3,0.5,1,6.95
Alexander Sørloth,Real Sociedad,"AM(R),FW",10,825,4,1,1,0,2.4,69.4,1.7,1,6.95
Rafael Ratão,Toulouse,AM(R),10,717,3,0,1,0,0.9,73.5,0.5,0,6.95
Jordi Alba,Barcelona,"D(L),M(L)",7,683,0,1,2,0,0.5,87.9,0.3,0,6.95
Luka Modric,Real Madrid,M(C),11,934,3,2,3,0,1.4,90.7,0.5,0,6.95
Edin Dzeko,Inter,FW,10,937,6,2,1,0,2.4,72.9,1.6,3,6.94
Sofiane Boufal,Angers,"AM(CLR),FW",8,720,3,3,1,1,2.0,80.2,0.1,2,6.94
Stefano Sensi,Monza,AM(C),12,942,2,0,4,0,1.0,88.9,0.5,1,6.94
Federico Fazio,Salernitana,D(C),9,810,1,0,2,1,1.1,78.9,3.4,2,6.94
Maxime Dupé,Toulouse,GK,15,1350,0,0,0,0,0.0,73.5,0.1,1,6.94
Jordan Siebatcheu,Union Berlin,FW,12,852,3,3,1,0,1.6,51.9,4.4,2,6.94
Wissam Ben Yedder,Monaco,"AM(C),FW",11,814,6,2,1,0,1.7,79.8,0.3,1,6.94
Marcus Tavernier,Bournemouth,M(CLR),15,1289,2,4,1,0,1.7,76.5,0.8,2,6.94
Ritsu Doan,Freiburg,"AM(CLR),FW",13,1079,2,2,2,0,1.7,74.0,0.1,0,6.94
Álvaro Morata,Atletico,"AM(L),FW",12,853,5,1,3,0,2.1,61.9,2.2,1,6.94
Stanislav Lobotka,Napoli,DMC,13,1217,1,1,1,0,0.2,94.0,0.4,0,6.93
Ludovic Blas,Nantes,"M(CLR),FW",12,1142,2,1,2,0,3.0,85.1,0.5,1,6.93
Malo Gusto,Lyon,"D(R),M(R)",14,1218,0,1,1,0,0.4,85.2,0.4,0,6.93
Jonas Hector,FC Koln,"D(L),M(CL)",13,1160,0,1,0,0,0.8,78.7,1.8,0,6.93
Karl Toko-Ekambi,Lyon,"AM(LR),FW",11,1029,4,1,1,0,1.9,84.4,0.9,2,6.93
Giacomo Bonaventura,Fiorentina,M(CLR),11,933,3,0,3,0,2.3,86.4,0.7,2,6.93
Tetê,Lyon,AM(R),11,879,5,2,2,0,1.9,82.1,0.2,2,6.93
Philip Billing,Bournemouth,M(C),13,1143,4,1,1,0,0.9,77.0,1.7,2,6.92
Jordi Masip,Real Valladolid,GK,9,810,0,0,2,0,0.0,64.3,0.6,0,6.92
Guglielmo Vicario,Empoli,GK,15,1350,0,0,1,0,0.0,66.8,0.4,0,6.92
Wojciech Szczesny,Juventus,GK,9,763,0,0,0,0,0.0,67.1,0.1,0,6.92
Youssouf Fofana,Monaco,DMC,14,1166,1,0,1,1,1.1,81.7,0.7,0,6.92
Youcef Atal,Nice,"D(R),M(R)",7,623,1,0,1,0,0.8,83.5,0.5,1,6.92
Christoph Baumgartner,Hoffenheim,"AM(CLR),FW",15,1157,4,2,3,0,2.6,72.0,1.3,1,6.92
Bremer,Juventus,D(C),13,1127,1,0,3,0,0.8,91.0,2.1,0,6.92
Filip Kostic,Juventus,"M(LR),FW",13,1072,1,5,1,0,0.9,80.5,0.1,1,6.91
Raphinha,Barcelona,"AM(LR),FW",6,570,2,2,1,0,2.0,79.4,0.2,1,6.91
Joachim Andersen,Crystal Palace,D(C),13,1170,1,0,2,0,0.6,81.0,2.5,0,6.91
Pascal Groß,Brighton,"M(CR),FW",14,1197,5,2,2,0,1.2,77.5,0.1,2,6.91
Cristiano Biraghi,Fiorentina,"D(L),M(L)",13,1143,0,2,0,0,0.9,78.3,0.6,0,6.91
Éder Militão,Real Madrid,D(CR),10,912,3,0,1,0,0.7,88.3,1.8,1,6.91
Solly March,Brighton,M(CLR),14,1219,0,2,1,0,1.9,76.7,1.4,0,6.91
Moisés Caicedo,Brighton,DMC,14,1248,1,0,4,0,0.8,87.3,1.1,0,6.91
Rominigue Kouamé,Troyes,M(C),14,1238,0,1,3,0,1.0,88.3,0.5,1,6.91
Tomás Soucek,West Ham,DMC,15,1309,1,1,1,0,1.1,76.9,2.2,1,6.91
Mory Diaw,Clermont Foot,GK,15,1350,0,0,0,0,0.0,62.3,0.2,2,6.9
Lucas Tousart,Hertha Berlin,DMC,14,1248,2,0,0,0,1.4,65.6,2.9,2,6.9
Moses Simon,Nantes,"M(CLR),FW",13,1103,5,2,1,0,1.5,74.1,0.3,1,6.9
Marc-André ter Stegen,Barcelona,GK,14,1260,0,0,0,0,0.0,83.8,0.2,0,6.9
Timo Werner,RBL,"AM(CLR),FW",7,649,4,1,1,0,3.0,74.7,0.2,2,6.9
Giorgos Kyriakopoulos,Sassuolo,"D(L),M(L)",9,728,1,1,2,0,1.1,81.6,0.5,1,6.9
Éric Ebimbe,Eintracht Frankfurt,M(CR),7,711,2,1,1,0,1.2,72.0,0.8,1,6.9
Nicolas Pépé,Nice,"AM(LR),FW",10,922,4,0,0,0,3.0,83.0,0.4,1,6.9
Borna Sosa,Stuttgart,"D(L),M(L)",10,880,0,5,4,0,0.7,79.8,0.8,1,6.9
David Raya,Brentford,GK,15,1350,0,0,0,0,0.0,63.2,0.5,2,6.89
Adrien Truffert,Rennes,"D(L),M(L)",13,1117,0,4,1,0,0.5,80.4,1.7,0,6.89
Marc Oliver Kempf,Hertha Berlin,D(C),15,1296,0,0,3,0,0.3,77.7,3.9,0,6.89
Federico Dimarco,Inter,"D(CL),M(L)",13,1052,3,0,0,0,1.5,78.1,0.1,0,6.89
Chris Smalling,Roma,D(CR),14,1322,3,0,3,0,0.6,88.2,1.9,1,6.89
Álvaro García,Rayo Vallecano,AM(L),13,1103,3,1,2,0,1.5,72.8,0.3,2,6.89
Sergio Busquets,Barcelona,DMC,11,910,0,1,4,1,0.2,89.1,2.2,0,6.89
Jackson Porozo,Troyes,D(C),11,959,2,0,2,0,1.5,82.0,2.6,1,6.88
Mark Flekken,Freiburg,GK,15,1350,0,0,0,0,0.0,71.6,0.3,2,6.88
Iker Muniain,Athletic Bilbao,AM(CLR),10,793,0,1,1,0,1.6,87.8,0.1,1,6.88
Emiliano Martínez,Aston Villa,GK,15,1295,0,0,2,0,0.0,68.7,0.3,0,6.88
Raphaël Guerreiro,Borussia Dortmund,"D(L),M(CL)",12,1035,1,2,2,0,0.9,85.3,0.2,0,6.88
Hirving Lozano,Napoli,"AM(LR),FW",8,723,3,3,1,0,1.9,77.5,0.1,0,6.88
Rasmus Kristensen,Leeds,"D(R),M(R)",12,1051,0,1,4,0,0.5,67.6,1.6,0,6.88
Ionut Radu,Cremonese,GK,9,810,0,0,0,0,0.0,63.1,0.3,1,6.88
Alexis Sánchez,Marseille,"M(CLR),FW",10,862,5,0,1,0,1.9,81.6,1.2,2,6.88
Youssoufa Moukoko,Borussia Dortmund,FW,8,767,6,3,0,0,1.9,71.2,0.1,1,6.88
Ben White,Arsenal,"D(CR),DMC",14,1157,0,2,3,0,0.4,86.4,0.9,0,6.88
Przemyslaw Frankowski,Lens,M(CLR),11,1009,0,2,1,0,1.2,82.7,0.3,0,6.88
Borja Iglesias,Real Betis,FW,12,965,8,2,0,1,2.4,73.5,0.7,1,6.87
Reinildo,Atletico,"D(CL),M(L)",14,1239,0,0,2,0,0.2,86.9,1.2,1,6.87
Paul Joly,Auxerre,D(R),10,867,0,0,2,0,0.7,81.1,0.6,1,6.87
Copete,Mallorca,D(C),12,1001,0,0,3,0,0.3,80.7,1.0,1,6.87
David da Costa,Lens,AM(CL),13,996,1,3,1,0,1.3,84.3,0.2,0,6.87
Roberto Pereyra,Udinese,"M(CLR),FW",15,1297,1,5,4,0,1.1,83.5,0.1,2,6.87
Merih Demiral,Atalanta,D(C),12,1074,1,0,4,0,0.4,83.1,2.8,1,6.87
Mikel Vesga,Athletic Bilbao,DMC,10,924,2,2,2,0,0.9,82.0,1.5,0,6.87
Olivier Giroud,AC Milan,FW,9,769,5,3,1,1,2.9,63.3,3.2,1,6.87
Mohamed Camara,Monaco,DMC,9,802,0,0,3,1,0.9,90.1,0.5,0,6.87
Aarón Martín,Mainz,"D(L),M(L)",15,1246,3,2,1,0,0.8,83.5,0.1,1,6.86
Nikola Milenkovic,Fiorentina,D(CR),9,836,2,1,1,0,0.5,84.9,2.9,0,6.86
Marquinhos,PSG,"D(CR),DMC",12,1104,1,0,1,0,0.7,95.1,1.1,0,6.86
Benoît Badiashile,Monaco,D(C),9,839,2,0,3,0,0.5,86.1,1.9,0,6.86
Alexander Nübel,Monaco,GK,15,1350,0,0,2,0,0.0,67.1,0.2,1,6.86
Suat Serdar,Hertha Berlin,M(CLR),13,978,3,0,4,0,0.9,71.9,1.1,1,6.86
Oliver Baumann,Hoffenheim,GK,15,1350,0,0,0,0,0.0,80.2,0.5,1,6.86
Destiny Udogie,Udinese,M(L),11,964,2,1,4,0,0.7,82.0,0.5,0,6.86
Chancel Mbemba,Marseille,"D(CLR),DMC",15,1306,1,0,0,0,0.7,85.1,1.9,1,6.86
Davide Frattesi,Sassuolo,DMC,15,1221,4,0,2,0,2.0,77.1,0.7,0,6.86
Chimy Avila,Osasuna,"AM(LR),FW",11,846,6,1,3,1,2.3,60.2,1.5,3,6.86
Deiver Machado,Lens,M(L),12,1014,1,1,2,1,0.5,88.0,0.4,1,6.85
Julian Ryerson,Union Berlin,"D(R),M(CLR)",12,1042,0,0,2,0,1.2,73.5,0.4,0,6.85
Joe Willock,Newcastle,M(C),13,1121,2,2,0,0,1.7,85.6,0.5,1,6.85
Alexander Djiku,Strasbourg,"D(CR),DMC",14,1181,1,1,2,0,0.7,82.2,2.9,0,6.85
Timothy Castagne,Leicester,"D(CLR),M(LR)",13,1192,1,2,0,0,0.6,80.6,1.5,0,6.85
Hamza Sakhi,Auxerre,AM(C),14,1199,1,1,1,0,1.4,87.3,0.3,2,6.85
Nick Pope,Newcastle,GK,15,1350,0,0,2,0,0.0,53.5,0.1,1,6.85
Ismaily,Lille,D(L),11,968,2,1,0,0,0.8,79.3,1.6,0,6.85
Christopher Lenz,Eintracht Frankfurt,"D(L),M(L)",4,469,0,2,0,0,0.7,81.1,0.4,0,6.84
Kingsley Coman,Bayern,"M(LR),FW",5,529,1,3,0,1,1.6,85.4,0.3,1,6.84
André Almeida,Valencia,M(C),8,708,2,2,0,0,0.7,85.8,0.6,0,6.84
Ademola Lookman,Atalanta,"AM(CLR),FW",10,864,7,1,1,0,1.6,79.8,0.1,0,6.84
Exequiel Palacios,Leverkusen,M(C),7,567,1,1,1,0,0.7,85.9,0.7,2,6.84
Nicolas Höfler,Freiburg,"D(C),DMC",15,1296,0,1,4,0,0.5,84.7,1.9,0,6.84
Wladimiro Falcone,Lecce,GK,15,1350,0,0,1,0,0.0,49.8,0.4,2,6.84
Neto Borges,Clermont Foot,"D(L),M(L)",12,994,1,0,0,1,0.9,80.3,0.8,2,6.84
Simone Bastoni,Spezia,"D(L),DMC,M(L)",10,811,2,2,4,0,1.5,69.5,0.8,0,6.84
Sandro Tonali,AC Milan,DMC,11,1030,1,2,4,0,1.3,76.8,0.5,1,6.84
Carlos Augusto,Monza,"D(L),M(L)",14,1222,3,1,1,0,1.3,85.1,1.5,2,6.84
Junior Messias,AC Milan,"AM(CR),FW",9,717,2,1,1,0,1.4,74.8,1.4,0,6.83
James Ward-Prowse,Southampton,M(CR),15,1350,1,2,2,0,0.8,83.2,1.3,0,6.83
Bryan Cristante,Roma,"D(C),M(C)",15,1241,1,0,4,0,0.9,81.9,1.6,2,6.83
Christian Kouamé,Fiorentina,"AM(LR),FW",12,1012,2,2,2,0,1.6,73.7,2.4,2,6.83
Mason Mount,Chelsea,M(CLR),13,1038,2,2,2,0,1.6,80.7,0.3,1,6.83
Franck Honorat,Brest,"M(LR),FW",13,1166,2,1,1,0,1.3,73.1,0.5,2,6.83
William Saliba,Arsenal,D(C),14,1246,2,1,4,0,0.2,92.1,1.4,1,6.83
Dani Olmo,RBL,"AM(CLR),FW",7,534,1,2,0,0,1.6,79.7,0.3,1,6.83
Dominic Solanke,Bournemouth,FW,12,1078,3,3,0,0,1.9,72.5,1.2,1,6.83
Kevin Gameiro,Strasbourg,FW,12,1068,5,0,0,0,1.7,80.6,0.5,1,6.83
Moi Gómez,Osasuna,M(CLR),14,1147,1,1,2,0,0.7,86.9,0.4,0,6.83
Gabriel Strefezza,Lecce,M(LR),11,897,4,0,2,0,1.5,65.6,0.5,0,6.83
Raúl Albiol,Villarreal,D(C),13,1160,0,0,4,0,0.1,88.5,2.0,0,6.83
Junya Ito,Reims,"AM(LR),FW",11,915,4,1,0,1,1.3,68.4,0.3,1,6.83
Trent Alexander-Arnold,Liverpool,"D(R),M(R)",12,994,1,0,2,0,1.0,77.5,0.6,0,6.83
Jesper Lindstrøm,Eintracht Frankfurt,"AM(CR),FW",12,921,6,0,1,0,2.2,69.3,0.4,1,6.82
Manuel Neuer,Bayern,GK,12,1080,0,0,0,0,0.2,87.0,0.3,0,6.82
Philipp Hofmann,Bochum,FW,12,1063,4,1,0,0,1.3,60.6,5.0,2,6.82
Marko Arnautovic,Bologna,"AM(CLR),FW",13,1106,8,0,4,0,1.8,72.1,0.5,1,6.82
Valentin Rongier,Marseille,"D(R),M(C)",12,1087,0,0,4,0,0.5,89.0,1.1,0,6.82
Luigi Sepe,Salernitana,GK,15,1350,0,0,3,0,0.0,63.4,0.2,1,6.82
Ermedin Demirovic,Augsburg,"AM(L),FW",15,1152,5,2,4,0,2.2,47.7,2.2,1,6.82
Matthijs de Ligt,Bayern,D(C),9,768,1,0,2,0,0.4,91.9,2.2,0,6.82
Edgar González,Real Betis,"D(C),DMC",9,844,0,0,2,1,0.2,88.8,2.5,0,6.82
Georginio Rutter,Hoffenheim,FW,11,1010,2,2,2,0,1.8,63.9,0.7,1,6.82
Danilo Pereira,PSG,"D(C),DMC",8,688,1,0,1,0,0.7,93.4,1.2,0,6.82
Mario Götze,Eintracht Frankfurt,"M(CLR),FW",15,1254,2,1,0,0,1.0,77.9,0.0,0,6.82
Jonathan Gradit,Lens,D(CR),10,799,0,2,2,0,0.0,91.6,1.3,0,6.82
Mërgim Berisha,Augsburg,"AM(C),FW",10,790,3,4,5,1,2.2,50.4,2.4,2,6.82
Morten Hjulmand,Lecce,DMC,14,1175,0,2,4,1,0.4,76.9,1.5,3,6.81
Matteo Politano,Napoli,"AM(CLR),FW",7,607,3,3,1,0,1.4,79.4,0.2,0,6.81
Tammy Abraham,Roma,FW,12,1049,3,1,0,0,2.3,74.3,1.8,0,6.81
Armel Bella-Kotchap,Southampton,D(C),11,906,0,1,1,0,0.9,76.6,2.2,0,6.81
Ridle Baku,Wolfsburg,"D(R),M(CR)",14,1282,3,1,3,0,1.1,78.5,0.9,1,6.81
Angeliño,Hoffenheim,"D(L),M(L)",13,1175,0,3,1,0,0.7,69.0,0.5,1,6.81
Sven Botman,Newcastle,D(C),12,1059,0,0,0,0,0.5,85.7,2.0,0,6.81
Etienne Capoue,Villarreal,"D(C),M(CL)",10,840,0,0,1,0,1.0,88.4,1.5,0,6.81
David Soria,Getafe,GK,14,1260,0,0,1,0,0.0,51.0,0.2,4,6.8
Manu Koné,Borussia M.Gladbach,DMC,14,1226,1,1,5,0,0.7,86.6,0.7,0,6.8
Rúben Dias,Man City,D(C),9,872,0,0,0,0,0.4,92.2,2.2,0,6.8
Nicolò Rovella,Monza,DMC,9,804,0,0,3,1,0.9,89.2,0.4,0,6.8
Marcus Rashford,Man Utd,"AM(CLR),FW",13,1130,4,2,1,0,2.3,75.7,1.0,2,6.8
William Carvalho,Real Betis,DMC,12,931,2,0,3,0,0.9,86.2,0.7,2,6.8
Neco Williams,Nottingham Forest,"D(LR),M(LR)",12,1078,0,0,3,0,1.3,68.7,0.6,1,6.8
Boulaye Dia,Salernitana,"AM(R),FW",10,961,6,2,1,0,1.1,77.7,0.6,1,6.8
Folarin Balogun,Reims,FW,12,1080,8,1,1,0,2.6,66.0,0.5,1,6.8
Andrew Robertson,Liverpool,"D(L),M(L)",10,864,0,4,0,0,0.4,83.2,0.7,0,6.79
Gédéon Kalulu,Lorient,D(R),12,1080,0,3,2,0,0.3,79.8,0.7,0,6.79
Marshall Munetsi,Reims,"D(C),DMC",10,905,2,0,4,0,1.8,72.7,1.3,0,6.79
Kalidou Koulibaly,Chelsea,D(C),8,744,1,0,2,1,0.8,85.2,1.9,0,6.79
Eray Cömert,Valencia,D(C),10,872,1,0,3,1,0.6,87.8,2.6,0,6.79
Kenny Tete,Fulham,"D(CR),M(R)",8,710,0,3,5,0,0.3,73.9,1.1,0,6.79
Aaron Cresswell,West Ham,"D(CL),M(L)",14,1242,0,0,2,0,0.4,81.3,1.6,0,6.79
Michael Olise,Crystal Palace,AM(CLR),8,754,1,2,1,0,1.1,78.7,0.2,1,6.79
Stijn Spierings,Toulouse,M(C),15,1350,2,0,2,0,0.9,84.9,0.5,0,6.78
José Giménez,Atletico,D(CR),8,734,0,0,5,0,1.2,87.3,1.9,1,6.78
Lisandro Martínez,Man Utd,"D(CL),DMC",14,1206,0,0,3,0,0.2,86.4,1.3,0,6.78
Virgil van Dijk,Liverpool,D(C),14,1260,1,0,1,0,1.1,88.8,2.7,0,6.78
Laurent Abergel,Lorient,DMC,10,810,0,1,2,0,0.4,90.4,0.2,0,6.78
Rui Silva,Real Betis,GK,12,1080,0,0,2,0,0.0,65.6,0.3,1,6.78
Stefan de Vrij,Inter,D(C),11,995,1,0,1,0,0.7,88.0,2.8,0,6.78
Anthony Rouault,Toulouse,D(C),15,1343,1,0,0,0,0.5,87.9,2.7,1,6.78
Che Adams,Southampton,"AM(CL),FW",12,1067,4,1,0,0,2.1,70.7,2.3,1,6.78
Ellyes Skhiri,FC Koln,DMC,14,1260,0,0,2,0,1.1,89.1,1.3,0,6.78
Lukasz Fabianski,West Ham,GK,15,1245,0,0,0,0,0.0,64.9,0.3,0,6.78
Fernando Martínez,Almeria,GK,13,1170,0,0,1,0,0.0,67.5,0.0,1,6.78
Mouctar Diakhaby,Valencia,D(C),10,794,2,0,3,1,0.4,84.4,1.0,1,6.78
Harvey Barnes,Leicester,AM(CL),13,1091,6,0,0,0,2.5,75.3,0.8,0,6.78
Eric García,Barcelona,D(C),8,610,1,0,2,0,0.3,91.4,0.9,0,6.78
Salis Abdul Samed,Lens,DMC,15,1350,1,0,2,0,0.4,92.3,0.6,0,6.78
Florian Niederlechner,Augsburg,"AM(CR),FW",10,912,4,1,1,0,2.0,60.4,2.1,0,6.78
Oriol Romeu,Girona,DMC,11,990,1,0,4,0,1.0,88.4,1.1,0,6.78
Hamari Traoré,Rennes,"D(R),M(R)",13,1183,0,1,4,0,0.9,87.8,1.1,0,6.77
Noussair Mazraoui,Bayern,D(R),6,553,0,3,0,0,0.4,87.9,0.7,0,6.77
Leonardo Balerdi,Marseille,D(C),14,1203,0,1,2,0,0.1,85.4,1.6,0,6.77
Sergio Escudero,Real Valladolid,"D(L),M(L)",9,711,0,0,2,0,1.2,73.6,1.4,1,6.77
David García,Osasuna,D(C),12,1042,1,0,6,1,0.7,80.4,2.6,0,6.77
Loïs Openda,Lens,FW,11,947,7,0,1,0,2.5,70.8,0.3,1,6.77
Stefan Savic,Atletico,D(C),10,886,0,0,3,0,0.0,87.8,2.4,0,6.77
Álex Moreno,Real Betis,"D(L),M(L)",13,1170,0,3,1,0,0.8,78.6,0.5,0,6.77
Pasquale Mazzocchi,Salernitana,"D(R),M(LR)",15,1208,2,2,2,0,0.7,80.3,0.5,1,6.77
Ben Davies,Tottenham,"D(CL),M(L)",11,995,2,1,1,0,0.6,86.7,1.7,0,6.77
Karim Onisiwo,Mainz,"AM(LR),FW",15,1309,4,1,3,0,2.4,61.9,2.1,1,6.76
Dan Burn,Newcastle,"D(CL),M(L)",14,1227,0,0,2,0,0.6,79.9,2.1,0,6.76
Felix Nmecha,Wolfsburg,M(C),6,665,2,2,2,0,1.2,71.8,1.2,0,6.76
Marius Wolf,Borussia Dortmund,"D(R),M(CLR)",5,516,1,1,1,0,1.0,73.3,0.4,3,6.76
Andreas Pereira,Fulham,M(CLR),15,1251,2,4,3,0,1.3,68.1,0.3,1,6.76
Sergio Ramos,PSG,D(CR),12,1012,0,1,3,1,0.4,95.6,1.5,0,6.76
Jordan Veretout,Marseille,M(C),10,983,1,2,1,0,0.6,86.4,0.5,1,6.76
Eric Dier,Tottenham,"D(CR),DMC",14,1285,2,0,1,0,0.6,87.6,1.9,0,6.76
Mohamed Simakan,RBL,D(CR),9,673,1,1,0,0,0.7,84.2,1.2,0,6.76
Gavi,Barcelona,AM(CL),9,803,0,1,2,0,0.4,90.6,0.9,0,6.76
Gregor Kobel,Borussia Dortmund,GK,11,990,0,0,0,0,0.0,81.1,0.4,0,6.76
Gonzalo Plata,Real Valladolid,AM(R),6,594,0,2,0,0,1.1,79.0,0.2,0,6.75
Dante,Nice,D(C),14,1260,0,0,3,0,0.6,91.3,2.0,0,6.75
Denzel Dumfries,Inter,"D(R),M(R)",13,1085,1,2,2,0,1.3,78.3,1.3,0,6.75
Yunis Abdelhamid,Reims,D(C),15,1350,0,0,1,0,1.0,81.2,1.9,0,6.75
Vicente Guaita,Crystal Palace,GK,14,1260,0,0,1,0,0.0,74.4,0.4,2,6.75
Johan Gastien,Clermont Foot,DMC,14,1218,1,2,4,0,0.6,84.6,0.4,0,6.75
César Azpilicueta,Chelsea,"D(CLR),M(R)",7,672,0,0,2,0,0.3,83.1,1.5,0,6.75
Steve Mandanda,Rennes,GK,13,1126,0,1,1,0,0.0,68.0,0.3,0,6.75
Lazar Samardzic,Udinese,M(C),4,523,3,1,0,0,1.1,87.4,0.3,0,6.75
Mario Lemina,Nice,DMC,10,728,0,0,1,1,0.5,90.4,0.3,0,6.75
Alex Iwobi,Everton,M(CLR),15,1333,1,5,1,0,0.9,82.0,0.1,0,6.75
Dejan Ljubicic,FC Koln,M(CR),7,565,3,0,1,0,1.7,81.0,0.1,1,6.75
Jimmy Cabot,Lens,M(LR),5,508,0,1,2,0,0.5,83.4,0.3,2,6.75
Silas Mvumpa,Stuttgart,"M(LR),FW",13,1051,3,2,1,0,1.6,78.6,0.7,2,6.74
Ante Rebic,AC Milan,"AM(CLR),FW",4,429,3,2,2,0,1.3,60.9,0.5,1,6.74
James Justin,Leicester,"D(CLR),M(LR)",14,1254,0,0,0,0,0.4,81.5,1.6,0,6.74
Óscar Trejo,Rayo Vallecano,"M(CLR),FW",11,849,2,2,6,0,0.8,83.6,0.5,0,6.74
Azzedine Ounahi,Angers,AM(CR),13,1106,0,0,1,0,1.6,88.6,0.4,0,6.74
Facundo Medina,Lens,D(CL),14,1226,1,1,3,0,0.5,89.4,1.1,1,6.74
Ola Aina,Torino,"D(CLR),M(LR)",7,582,1,0,3,0,0.6,77.9,0.8,1,6.74
Alidu Seidu,Clermont Foot,D(CR),14,1215,0,0,4,0,0.3,90.0,0.7,0,6.74
Nemanja Gudelj,Sevilla,"D(C),M(C)",12,1036,2,0,4,0,1.5,91.9,1.3,2,6.74
Vanderson,Monaco,"D(R),M(R)",9,857,0,1,1,1,0.5,81.5,0.8,1,6.74
Cheick Oumar Doucouré,Crystal Palace,DMC,12,970,0,1,5,0,0.8,87.0,0.7,0,6.74
Brice Samba,Lens,GK,15,1350,0,0,1,0,0.0,72.6,0.2,0,6.74
Lewis Ferguson,Bologna,M(C),6,512,3,0,1,0,1.0,81.7,0.9,2,6.74
Martín Zubimendi,Real Sociedad,DMC,13,1151,1,2,4,0,0.4,84.5,2.4,1,6.74
Emmanuel Agbadou,Reims,"D(C),DMC",11,970,0,0,2,2,0.8,84.4,1.9,1,6.74
Edu Expósito,Espanyol,M(C),10,781,2,2,0,0,0.8,77.3,0.6,1,6.74
Federico Baschirotto,Lecce,D(C),15,1350,1,0,2,0,0.6,75.7,2.4,0,6.73
Lars Stindl,Borussia M.Gladbach,"M(CLR),FW",8,685,1,5,4,0,1.2,78.2,0.4,0,6.73
Johann Lepenant,Lyon,M(C),9,833,0,0,1,0,0.8,88.4,0.8,0,6.73
Óscar Rodríguez,Celta Vigo,AM(CLR),12,1003,2,0,2,0,2.0,84.6,0.6,0,6.73
Farès Chaïbi,Toulouse,Midfielder,9,835,2,4,1,0,1.5,74.5,1.1,0,6.73
Nicolás Domínguez,Bologna,M(C),11,971,1,1,3,0,1.2,81.1,0.6,1,6.73
Thierry Correia,Valencia,"D(R),M(R)",14,1214,0,0,3,0,0.3,80.5,0.9,0,6.73
Montassar Talbi,Lorient,D(C),15,1350,0,1,0,0,0.2,88.7,2.3,0,6.73
Bryan Mbeumo,Brentford,"AM(LR),FW",15,1134,3,1,3,0,1.9,73.4,0.7,0,6.73
Javi Galán,Celta Vigo,"D(L),M(L)",14,1256,0,1,2,0,0.4,81.6,0.7,2,6.73
Arkadiusz Milik,Juventus,"AM(C),FW",7,709,4,0,1,1,1.7,80.1,1.6,1,6.73
Mounaïm El Idrissy,AC Ajaccio,FW,12,1065,3,0,4,0,1.8,73.8,3.1,2,6.73
Quentin Merlin,Nantes,"D(L),M(L)",13,1133,0,1,1,0,0.8,80.2,0.7,0,6.73
Philipp Lienhart,Freiburg,D(C),15,1348,0,0,0,0,0.3,86.6,2.1,0,6.73
Mohammed Salisu,Southampton,D(CL),14,1260,0,1,4,0,0.6,78.9,2.1,0,6.72
Nikola Vlasic,Torino,"AM(CLR),FW",14,1281,4,2,1,0,2.3,79.7,0.8,0,6.72
Takefusa Kubo,Real Sociedad,"AM(CLR),FW",10,850,2,2,0,0,1.8,78.4,0.6,1,6.72
Milos Veljkovic,Werder Bremen,"D(C),DMC",12,1036,1,0,1,0,0.2,81.0,1.8,0,6.72
Jonjoe Kenny,Hertha Berlin,"D(LR),M(R)",15,1350,0,1,1,0,0.4,75.6,0.9,0,6.72
Leonardo Sernicola,Cremonese,M(R),10,905,1,1,4,0,1.1,71.2,1.1,1,6.72
Santi Comesaña,Rayo Vallecano,M(C),8,734,1,0,2,0,1.0,84.2,0.8,0,6.72
Óscar Valentín,Rayo Vallecano,DMC,11,961,0,0,5,0,0.6,84.5,0.8,0,6.72
Brian Oliván,Espanyol,D(CL),14,1212,0,3,3,0,0.6,71.0,0.7,0,6.72
Brenden Aaronson,Leeds,AM(CLR),14,1196,1,2,2,0,1.4,80.0,0.4,0,6.72
Vitinha,PSG,M(C),10,843,0,0,2,0,1.0,93.6,0.2,0,6.72
Samu Castillejo,Valencia,AM(CLR),8,618,2,0,4,0,1.9,86.5,0.3,0,6.72
Luke Shaw,Man Utd,"D(CL),M(L)",9,786,0,1,3,0,0.4,85.0,1.1,0,6.71
Flavien Tait,Rennes,M(CLR),12,1047,1,0,2,0,1.1,85.7,0.3,0,6.71
Habib Diallo,Strasbourg,"AM(R),FW",13,1132,6,0,0,0,1.6,70.5,2.5,0,6.71
Hugo Lloris,Tottenham,GK,15,1350,0,0,0,0,0.0,77.5,0.3,0,6.71
Luca Pellegrini,Eintracht Frankfurt,"D(L),M(L)",7,559,0,0,1,0,1.6,72.7,0.6,0,6.71
Maxime Estève,Montpellier,D(C),8,808,0,0,3,0,0.3,79.8,1.3,2,6.71
Nico Elvedi,Borussia M.Gladbach,D(CLR),13,1126,2,0,0,0,0.5,92.4,1.6,0,6.71
Joe Gomez,Liverpool,D(CLR),9,885,0,0,2,0,0.3,85.0,2.7,0,6.71
Walace,Udinese,DMC,15,1285,0,0,2,0,0.9,84.3,0.4,0,6.71
Óscar De Marcos,Athletic Bilbao,"D(LR),M(CR)",13,1079,0,3,2,0,0.1,80.7,0.8,0,6.71
Alejandro Catena,Rayo Vallecano,D(C),14,1260,1,1,5,0,0.2,82.9,1.9,0,6.71
Brahim Díaz,AC Milan,AM(CLR),10,664,4,1,2,0,1.2,78.4,0.2,0,6.71
Kaoru Mitoma,Brighton,M(L),2,311,1,1,0,0,0.3,81.8,0.3,1,6.71
Mattéo Guendouzi,Marseille,M(C),12,1054,1,2,2,0,1.1,86.2,0.6,0,6.71
Djibril Sow,Eintracht Frankfurt,M(C),13,1169,2,0,4,0,0.7,86.5,0.9,0,6.71
Marc Roca,Leeds,DMC,14,1042,1,1,3,0,1.0,82.2,0.6,0,6.71
Antonio Raíllo,Mallorca,D(C),13,1170,1,0,5,0,0.3,86.4,1.5,0,6.71
Mathias Autret,Auxerre,M(CLR),11,869,2,2,0,0,1.4,82.1,0.2,0,6.71
Lucas Robertone,Almeria,AM(C),13,1026,1,1,3,0,1.1,83.4,0.5,1,6.71
Ivan Perisic,Tottenham,"M(CLR),FW",9,833,0,4,2,0,0.7,74.6,0.5,1,6.7
Kiernan Dewsbury-Hall,Leicester,M(C),14,1139,1,2,1,0,0.7,78.7,0.7,1,6.7
Danny Welbeck,Brighton,"AM(CLR),FW",11,998,0,2,0,0,2.0,82.9,1.8,1,6.7
Yeremy Pino,Villarreal,AM(LR),9,700,1,0,2,0,1.0,80.2,0.7,0,6.7
Christian Günter,Freiburg,"D(L),M(L)",15,1316,0,1,3,0,1.3,76.6,0.3,0,6.7
Santiago Bueno,Girona,D(C),14,1260,0,1,2,0,0.6,87.2,2.6,0,6.7
Rolando Mandragora,Fiorentina,DMC,10,870,1,1,4,0,1.7,86.5,0.9,0,6.7
Kevin Stöger,Bochum,M(CL),13,1205,1,1,1,0,1.4,74.9,0.4,1,6.7
Amadou Onana,Everton,DMC,12,1038,0,1,4,0,1.1,80.8,1.7,0,6.7
Julien Laporte,Lorient,D(C),15,1350,0,0,1,0,0.4,86.3,1.8,0,6.7
Aaron Ramsey,Nice,M(CLR),5,574,1,0,0,0,0.8,87.8,0.3,1,6.7
Elye Wahi,Montpellier,"AM(L),FW",14,1175,6,1,4,0,1.9,68.0,0.8,1,6.7
Nicolas Pallois,Nantes,D(C),14,1190,0,0,1,1,0.2,85.4,1.4,1,6.7
Xaver Schlager,RBL,M(C),9,829,1,0,0,0,0.4,86.1,0.8,1,6.7
Nordi Mukiele,PSG,"D(CR),M(R)",6,675,0,1,0,0,0.5,90.6,1.2,0,6.7
Marcel Sabitzer,Bayern,"M(CLR),FW",7,626,1,1,2,0,1.1,87.9,0.6,0,6.7
Mathias Jensen,Brentford,M(C),15,1138,1,3,2,0,0.5,77.0,0.3,1,6.7
Aaron Ramsdale,Arsenal,GK,14,1260,0,0,0,0,0.0,63.1,0.2,0,6.7
Javi Sánchez,Real Valladolid,D(C),12,1007,1,0,4,0,0.4,85.7,1.6,0,6.7
Guillermo Maripán,Monaco,D(C),9,766,2,0,0,1,0.4,88.2,1.6,0,6.7
Patric,Lazio,"D(CR),M(R)",9,754,0,0,0,0,0.1,87.3,0.3,1,6.7
Saïd Benrahma,West Ham,AM(CLR),7,749,2,1,0,0,2.2,86.6,0.1,0,6.7
Jack Harrison,Leeds,"AM(CLR),FW",12,945,1,3,2,0,0.8,71.6,0.2,2,6.69
Kyle Walker-Peters,Southampton,"D(LR),M(R)",11,955,1,0,2,0,0.5,75.7,0.9,0,6.69
Daniel Amartey,Leicester,"D(CR),DMC",10,914,0,0,0,0,0.3,91.1,1.6,1,6.69
Íñigo Martínez,Athletic Bilbao,D(C),9,810,0,0,1,0,0.8,85.7,1.8,0,6.69
Marco Friedl,Werder Bremen,"D(CL),M(L)",14,1157,0,0,3,1,0.1,82.7,1.1,0,6.69
Vitaly Janelt,Brentford,DMC,11,993,1,1,1,0,0.3,86.5,1.0,1,6.69
Joe Aribo,Southampton,"M(CLR),FW",10,948,2,0,1,0,0.8,73.9,1.5,0,6.69
Perr Schuurs,Torino,D(C),9,709,0,0,2,0,0.2,84.3,2.5,0,6.69
Emil Holm,Spezia,M(R),12,1035,1,1,4,0,0.8,64.2,3.4,1,6.69
Zeki Çelik,Roma,"D(R),M(R)",6,637,0,0,2,0,0.2,76.2,0.7,0,6.69
Thiago Mendes,Lyon,"D(CR),M(CR)",14,1171,0,1,2,0,0.3,84.2,1.7,0,6.69
Jonas Omlin,Montpellier,GK,10,808,0,0,0,1,0.0,68.3,0.1,0,6.69
John Stones,Man City,D(CR),8,731,0,2,1,0,0.6,94.7,1.1,0,6.68
Yannick Gerhardt,Wolfsburg,"D(L),M(CL)",8,700,3,0,1,0,1.3,74.9,0.6,1,6.68
Emanuel Aiwu,Cremonese,D(C),11,969,0,0,2,0,0.2,81.2,1.2,1,6.68
Nathan Patterson,Everton,"D(R),M(R)",8,765,0,0,1,0,0.8,79.6,0.6,0,6.68
Oihan Sancet,Athletic Bilbao,"M(C),FW",13,949,3,0,2,0,1.2,86.8,0.6,0,6.68
Illan Meslier,Leeds,GK,14,1260,0,0,0,0,0.0,54.9,0.1,2,6.68
Arnau Martinez,Girona,D(R),10,814,2,1,2,0,1.1,81.2,1.3,0,6.68
Roque Mesa,Real Valladolid,DMC,11,869,2,1,4,0,1.2,84.1,0.3,1,6.68
Dennis Geiger,Hoffenheim,M(C),14,1014,1,2,4,0,0.2,87.0,0.4,1,6.68
Tiago Djaló,Lille,D(CLR),13,1109,2,0,5,0,0.7,92.1,1.3,2,6.68
Florian Lejeune,Rayo Vallecano,D(C),12,951,3,0,2,1,1.2,82.3,1.7,1,6.68
Morgan Gibbs-White,Nottingham Forest,"AM(CR),FW",12,1039,2,2,1,0,1.5,68.2,1.5,3,6.68
Hans Hateboer,Atalanta,"D(R),M(R)",12,1047,1,0,6,0,0.6,80.4,1.5,1,6.68
Raheem Sterling,Chelsea,"M(CLR),FW",11,956,3,1,3,0,1.5,75.9,0.0,1,6.68
Faitout Maouassa,Montpellier,"D(L),M(LR)",8,657,1,4,0,0,0.8,68.5,0.2,0,6.68
Manuel Riemann,Bochum,GK,15,1350,0,0,1,0,0.0,59.2,0.3,2,6.68
Dominik Kohr,Mainz,DMC,14,1178,2,0,4,0,1.2,72.6,1.1,0,6.68
Maximiliano Caufriez,Clermont Foot,D(CR),9,790,0,0,4,0,0.2,88.4,1.1,0,6.68
Ansu Fati,Barcelona,AM(L),3,462,3,3,0,0,2.1,86.1,0.1,0,6.68
Leon Bailey,Aston Villa,"M(CLR),FW",11,833,3,2,4,0,1.2,69.1,0.9,1,6.67
Mostafa Mohamed,Nantes,FW,8,839,4,2,0,0,1.4,60.7,2.1,0,6.67
Matteo Pessina,Monza,AM(CR),12,997,2,1,2,0,0.9,89.0,1.1,0,6.67
Domingos Duarte,Getafe,D(C),13,1126,0,2,5,0,0.6,79.5,1.5,1,6.67
Marcelo Brozovic,Inter,M(CR),7,621,2,0,5,0,1.0,87.7,0.0,0,6.67
Alex Meret,Napoli,GK,15,1350,0,0,0,0,0.0,83.1,0.1,1,6.67
Adrián Embarba,Almeria,"AM(CLR),FW",5,424,1,3,2,1,1.2,73.8,0.2,0,6.67
Léo Baptistão,Almeria,"AM(CLR),FW",8,569,2,2,3,0,1.4,67.1,0.6,2,6.67
Waldemar Anton,Stuttgart,"D(CR),DMC",15,1346,1,0,2,0,0.5,81.8,2.3,0,6.67
Alex Sandro,Juventus,"D(CL),M(L)",9,780,0,1,3,1,0.2,87.4,1.1,0,6.67
Lassana Coulibaly,Salernitana,M(CL),14,1168,1,1,4,0,0.4,85.3,0.7,1,6.67
Beto,Udinese,FW,7,687,6,0,0,0,1.4,55.7,2.4,2,6.67
Fabinho,Liverpool,"D(CR),DMC",11,998,0,0,2,0,0.4,88.2,0.8,0,6.67
Anthony Jung,Werder Bremen,"D(CL),M(L)",14,1150,2,2,0,0,0.9,79.4,0.9,0,6.67
Fran García,Rayo Vallecano,D(L),14,1260,0,2,0,0,0.7,85.6,0.1,0,6.67
Leonardo Bonucci,Juventus,D(C),6,596,1,0,1,0,0.3,85.4,1.2,0,6.66
Edgar Badia,Elche,GK,14,1260,0,0,2,0,0.0,69.0,0.1,2,6.66
Sergio Camello,Rayo Vallecano,FW,11,940,2,2,0,0,2.1,81.6,0.8,0,6.66
Sebastian Rode,Eintracht Frankfurt,"D(R),M(C)",8,604,3,1,2,0,0.3,86.6,0.4,0,6.66
Vitaliy Mykolenko,Everton,"D(CL),M(L)",15,1285,0,0,2,0,0.3,77.0,0.7,0,6.66
Luis Alberto,Lazio,"AM(CL),FW",5,541,3,1,1,0,0.7,85.6,0.2,0,6.66
Maxence Caqueret,Lyon,DMC,11,976,0,1,1,0,0.6,87.1,0.5,0,6.66
Predrag Rajkovic,Mallorca,GK,14,1260,0,0,1,0,0.0,59.6,0.0,1,6.66
Boubakary Soumaré,Leicester,DMC,9,675,0,0,3,0,0.1,91.4,0.7,0,6.66
Grischa Prömel,Hoffenheim,M(C),13,1074,1,1,3,0,1.7,79.8,0.9,0,6.66
Wahbi Khazri,Montpellier,"M(CLR),FW",8,711,2,1,2,0,1.6,77.2,0.5,0,6.66
Sergi Roberto,Barcelona,"D(R),M(CR)",3,371,2,0,1,0,0.6,93.9,0.0,0,6.66
Ferland Mendy,Real Madrid,"D(L),M(L)",11,890,0,1,2,0,0.1,92.5,0.5,0,6.66
Jubal,Auxerre,D(C),15,1350,1,1,2,0,0.5,86.8,1.8,0,6.66
Koray Günter,Verona,D(C),11,1003,1,1,3,0,0.7,77.0,1.7,0,6.66
Kai Havertz,Chelsea,"M(CR),FW",11,889,3,0,3,0,1.7,80.1,2.2,0,6.66
Muhammed Cham,Clermont Foot,AM(C),10,867,3,2,0,0,1.2,84.2,0.2,1,6.66
Vincent Le Goff,Lorient,"D(L),M(L)",15,1350,0,0,1,0,0.5,82.9,0.5,0,6.66
Munas Dabbur,Hoffenheim,"AM(C),FW",4,422,4,0,1,0,1.1,73.9,0.1,0,6.66
Jeffrey Gouweleeuw,Augsburg,D(C),14,1197,0,0,7,0,0.5,66.2,2.6,0,6.65
Koke,Atletico,M(CLR),8,743,0,2,2,0,0.3,84.9,0.4,0,6.65
Kurt Zouma,West Ham,D(CR),14,1185,1,0,0,0,0.7,86.2,2.3,1,6.65
Flavius Daniliuc,Salernitana,D(CR),9,843,0,1,3,0,0.4,88.8,2.0,0,6.65
Justin Kluivert,Valencia,AM(LR),5,520,2,0,1,0,1.2,80.6,0.4,1,6.65
João Félix,Atletico,"AM(CL),FW",5,512,3,3,5,0,1.6,75.8,0.5,1,6.65
Danilo Cataldi,Lazio,M(C),12,920,0,0,3,0,0.3,88.5,0.2,0,6.65
Yvon Mvogo,Lorient,GK,14,1183,0,0,0,0,0.0,69.6,0.2,0,6.65
Massadio Haïdara,Lens,"D(CL),M(L)",8,739,0,0,3,0,0.2,89.4,1.4,0,6.65
Ederson,Man City,GK,14,1260,0,1,0,0,0.0,86.6,0.3,0,6.65
Adam Marusic,Lazio,"D(CLR),M(LR)",14,1302,0,1,4,0,0.4,89.3,1.0,0,6.65
Saúl Ñíguez,Atletico,"D(CL),M(CLR)",6,464,0,1,5,0,0.8,77.5,1.5,0,6.65
Jordan Ayew,Crystal Palace,"AM(CLR),FW",11,907,0,1,1,0,0.4,83.4,1.6,0,6.65
Lukasz Skorupski,Bologna,GK,15,1350,0,0,2,0,0.0,73.8,0.3,0,6.65
Robin Knoche,Union Berlin,D(C),14,1260,1,0,2,0,0.3,81.2,1.4,0,6.65
Germán Pezzella,Real Betis,D(C),10,912,0,0,2,2,0.4,88.5,1.3,0,6.65
Íñigo Lekue,Athletic Bilbao,"D(LR),M(LR)",10,949,0,1,1,0,0.8,82.8,1.0,0,6.65
Castello Lukeba,Lyon,D(C),14,1260,1,0,2,0,0.2,88.9,1.1,0,6.65
Gianluca Mancini,Roma,"D(C),DMC",15,1200,0,1,4,0,0.5,84.9,1.7,0,6.65
Tom Krauß,Schalke,DMC,15,1239,1,0,2,0,0.9,75.4,0.5,0,6.65
Memeh Okoli,Atalanta,D(C),9,842,0,0,3,0,0.4,76.9,3.1,1,6.65
Yannick Carrasco,Atletico,"M(CLR),FW",8,742,1,0,1,0,1.6,84.2,0.2,0,6.65
Pau Torres,Villarreal,D(C),13,1170,0,0,5,0,0.3,86.6,1.4,0,6.64
Anthony Gordon,Everton,AM(LR),11,986,3,0,6,0,1.6,77.2,0.6,1,6.64
Steffen Tigges,FC Koln,FW,9,726,3,0,0,0,1.0,58.0,2.8,1,6.64
Patrik Schick,Leverkusen,"AM(R),FW",10,861,2,0,0,0,2.5,70.0,2.4,0,6.64
Tuta,Eintracht Frankfurt,D(C),15,1341,1,0,3,0,0.4,80.4,1.3,0,6.64
Joaquín Fernández,Real Valladolid,"D(C),DMC",10,955,1,0,2,0,0.5,84.0,1.9,1,6.64
Ricardo Rodríguez,Torino,"D(CL),M(L)",10,946,0,0,0,0,0.4,85.8,1.0,0,6.64
Edimilson Fernandes,Mainz,"D(C),M(CR)",9,821,0,1,2,0,0.5,75.1,0.6,0,6.64
Corentin Tolisso,Lyon,"D(R),M(CR)",7,546,0,0,1,0,0.5,88.5,0.7,0,6.64
Óliver Torres,Sevilla,M(CLR),12,860,3,0,1,0,0.6,80.1,0.1,1,6.64
André Silva,RBL,FW,9,796,2,1,1,0,1.7,72.5,0.5,0,6.64
Ashley Young,Aston Villa,"D(LR),M(LR)",7,726,1,0,3,0,0.5,76.8,0.9,0,6.64
Marco Silvestri,Udinese,GK,15,1350,0,0,0,0,0.0,73.1,0.2,0,6.64
Arnaud Kalimuendo,Rennes,FW,8,610,3,1,0,0,1.2,83.3,0.4,0,6.64
Matteo Bianchetti,Cremonese,D(C),9,905,1,0,1,0,0.5,78.7,2.2,0,6.64
Filippo Bandinelli,Empoli,M(C),13,1060,2,0,3,0,0.9,76.5,0.3,1,6.64
Oliver Christensen,Hertha Berlin,GK,15,1350,0,0,1,0,0.0,67.8,0.2,1,6.64
Lucas Torró,Osasuna,DMC,14,1127,0,0,5,0,1.0,82.1,1.9,0,6.64
Lee Jae-Sung,Mainz,"AM(CL),FW",10,821,2,1,1,0,0.9,77.0,1.1,1,6.64
Komnen Andric,Clermont Foot,FW,13,1020,4,1,3,0,1.5,76.8,2.1,0,6.64
Jhon Lucumí,Bologna,D(C),12,1012,0,1,3,0,0.2,86.2,1.5,0,6.64
Idrissa Gueye,Everton,M(C),9,742,0,0,3,0,0.0,85.5,0.8,0,6.64
Mehdi Bourabia,Spezia,M(C),14,1142,0,1,1,0,0.5,80.3,0.6,0,6.63
Robert Skov,Hoffenheim,"D(L),M(LR)",12,941,3,1,1,0,2.2,72.1,0.4,1,6.63
Janik Haberer,Union Berlin,"M(CLR),FW",13,859,3,1,0,0,1.2,68.4,1.1,0,6.63
Jaume Costa,Mallorca,"D(LR),M(L)",11,966,0,1,4,0,0.6,79.0,0.9,0,6.63
Giorgi Mamardashvili,Valencia,GK,14,1260,0,0,1,0,0.0,76.3,0.2,0,6.63
Harvey Elliott,Liverpool,AM(CR),10,862,1,1,0,0,1.4,83.4,0.1,0,6.63
Maximilian Eggestein,Freiburg,M(CR),11,1021,0,2,1,0,0.4,79.0,1.4,0,6.63
Weston McKennie,Juventus,"D(C),M(CLR)",9,723,1,1,0,0,0.7,82.6,0.5,0,6.63
Marvin Plattenhardt,Hertha Berlin,"D(L),M(L)",13,1000,0,2,2,0,0.2,75.0,0.5,1,6.63
Angel Gomes,Lille,"M(CL),FW",14,1107,1,1,4,0,1.5,88.3,0.1,0,6.63
Ethan Ampadu,Spezia,"D(C),DMC",10,838,0,1,3,0,0.9,76.5,2.4,1,6.63
Emil Audero,Sampdoria,GK,15,1350,0,0,0,0,0.0,63.2,0.2,4,6.63
Romain Perraud,Southampton,"D(L),M(L)",10,854,2,2,1,0,1.5,76.2,0.3,1,6.63
Maxence Lacroix,Wolfsburg,D(C),9,805,1,0,0,0,0.2,86.5,2.4,1,6.63
Manuel Lazzari,Lazio,"D(R),M(R)",13,1002,0,0,4,0,0.1,89.1,0.2,0,6.63
Maya Yoshida,Schalke,D(CR),15,1339,0,0,3,0,0.3,77.8,2.5,0,6.63
Nemanja Matic,Roma,DMC,7,794,1,1,1,0,0.4,85.7,0.5,0,6.63
Andy Delort,Nice,"AM(R),FW",9,749,5,0,0,0,2.1,65.0,2.1,1,6.63
Franco Cervi,Celta Vigo,AM(CL),12,1025,0,2,0,1,1.1,77.4,0.2,0,6.63
Odsonne Édouard,Crystal Palace,"AM(L),FW",9,771,3,2,3,0,1.3,77.9,1.0,0,6.63
Tim Ream,Fulham,"D(CL),DMC",15,1348,0,0,1,0,0.1,85.9,1.5,0,6.63
Ollie Watkins,Aston Villa,"AM(LR),FW",13,1173,2,3,1,0,1.9,72.0,2.3,1,6.63
Bradley Locko,Reims,"D(L),M(L)",13,1058,0,0,3,1,0.4,81.2,0.9,0,6.62
Nicolas Cozza,Montpellier,D(CL),14,1236,2,1,3,0,0.5,72.9,1.4,0,6.62
Youssouf Sabaly,Real Betis,"D(LR),M(R)",7,631,0,0,0,0,0.3,82.6,0.3,0,6.62
Álex Baena,Villarreal,AM(C),5,626,4,0,4,1,1.4,77.7,0.1,2,6.62
Christopher Jullien,Montpellier,D(C),10,900,0,0,1,0,0.6,82.9,2.9,0,6.62
Demarai Gray,Everton,"AM(CLR),FW",15,1289,1,0,1,0,1.9,79.3,0.5,0,6.62
Wesley Saïd,Lens,"AM(CLR),FW",4,398,5,0,1,0,1.5,84.9,0.1,0,6.62
Sasa Lukic,Torino,M(C),10,924,2,0,3,0,1.0,88.7,1.0,1,6.62
Robert Andrich,Leverkusen,M(C),12,982,1,2,5,0,0.7,84.0,1.1,0,6.62
Chris Führich,Stuttgart,"M(CLR),FW",10,880,2,0,2,0,1.1,79.7,0.1,0,6.62
Wilfried Kanga,Hertha Berlin,FW,10,938,2,0,2,0,1.5,65.3,2.6,0,6.62
Axel Witsel,Atletico,"D(C),M(C)",12,1068,0,0,2,0,0.4,93.6,1.3,0,6.62
Martin Valjent,Mallorca,D(C),13,1156,0,0,5,0,0.0,82.3,0.8,0,6.62
Pedro,Lazio,"M(CLR),FW",5,679,2,2,0,0,1.2,83.4,0.0,1,6.62
Robert Gumny,Augsburg,D(CLR),9,836,1,1,2,0,0.3,61.3,2.0,0,6.62
Marin Pongracic,Lecce,D(C),9,792,0,0,2,0,0.1,82.0,1.0,0,6.62
Lorenzo Montipò,Verona,GK,15,1350,0,0,0,0,0.0,62.3,0.0,0,6.62
Juan Bernat,PSG,"D(L),M(CL)",7,598,1,0,1,0,0.3,92.7,0.3,0,6.62
Raphaël Varane,Man Utd,D(C),8,686,0,0,1,0,0.1,83.8,1.6,0,6.62
Emerson Royal,Tottenham,"D(R),M(R)",11,904,0,1,1,1,0.8,82.0,1.0,0,6.62
Kike Pérez,Real Valladolid,AM(C),11,968,0,1,2,0,1.3,80.4,1.1,0,6.62
Renaud Ripart,Troyes,"D(R),M(CLR),FW",8,747,2,1,2,0,2.1,73.0,1.6,0,6.62
Gavin Bazunu,Southampton,GK,15,1350,0,0,0,0,0.0,57.4,0.5,1,6.61
Jirí Pavlenka,Werder Bremen,GK,15,1289,0,0,0,0,0.0,67.2,0.1,1,6.61
Mario Pasalic,Atalanta,M(CLR),11,879,1,2,1,0,0.6,80.7,1.4,1,6.61
Pablo Maffeo,Mallorca,"D(R),M(R)",12,1020,1,0,3,1,0.4,72.8,1.0,1,6.61
Óscar Plano,Real Valladolid,"AM(CLR),FW",8,831,1,1,1,0,1.0,76.2,0.9,0,6.61
Crysencio Summerville,Leeds,AM(R),4,468,4,0,1,0,1.1,77.9,0.2,0,6.61
Thomas Lemar,Atletico,AM(CLR),5,391,0,2,0,0,0.1,89.5,0.0,0,6.61
Evan Ndicka,Eintracht Frankfurt,D(CL),15,1343,0,0,2,0,0.3,86.6,2.5,1,6.61
Juan Iglesias,Getafe,"D(LR),M(R)",11,1026,1,0,4,0,0.8,65.3,0.4,0,6.61
Mikkel Desler,Toulouse,D(R),12,1009,0,1,0,1,0.4,85.5,0.8,0,6.61
Lukas Nmecha,Wolfsburg,"AM(CR),FW",10,822,4,0,3,0,1.8,65.3,1.4,0,6.61
Tyler Adams,Leeds,"D(R),M(CR)",13,1167,0,0,2,1,0.2,82.3,0.8,0,6.61
Xavier Chavalerin,Troyes,"DMC,M(L)",7,720,1,1,1,0,0.8,86.3,0.4,0,6.61
Désiré Doué,Rennes,Midfielder,3,401,2,0,3,0,0.8,84.8,0.1,0,6.61
Sead Kolasinac,Marseille,"D(CL),DMC,M(L)",6,491,1,1,1,0,0.2,82.9,0.4,0,6.61
Hugo Guillamón,Valencia,"D(C),DMC",11,919,1,4,4,0,0.2,84.7,0.9,0,6.61
Jean-Charles Castelletto,Nantes,D(C),11,929,0,0,1,0,0.3,81.1,2.6,0,6.61
David Okereke,Cremonese,"AM(CLR),FW",13,1155,3,0,2,0,1.9,69.6,1.5,0,6.61
Marten de Roon,Atalanta,"D(C),DMC",12,1030,0,1,3,0,0.2,79.1,1.3,0,6.61
Nuno da Costa,Auxerre,"AM(LR),FW",9,807,2,0,1,1,1.1,68.8,1.3,2,6.61
Bartlomiej Dragowski,Spezia,GK,14,1213,0,0,1,0,0.0,63.2,0.4,2,6.61
Saîf-Eddine Khaoui,Clermont Foot,AM(CR),8,744,2,2,1,0,1.1,74.2,0.2,0,6.61
Kerem Demirbay,Leverkusen,M(C),9,788,3,3,2,0,1.0,79.3,0.2,1,6.6
Mateusz Wieteska,Clermont Foot,D(C),15,1350,0,1,2,0,0.5,83.6,2.1,1,6.6
Valentín Castellanos,Girona,"AM(R),FW",14,1122,3,0,4,0,2.1,67.8,0.9,0,6.6
Alberto Grassi,Empoli,DMC,4,325,0,0,1,0,0.4,80.1,1.2,1,6.6
Samuele Ricci,Torino,M(C),8,713,0,1,2,0,0.6,91.4,0.2,0,6.6
Harrison Reed,Fulham,"D(R),M(CR)",14,1180,2,1,5,0,0.8,75.6,1.0,0,6.6
Sean Longstaff,Newcastle,DMC,11,1052,1,2,2,0,0.8,81.6,0.5,0,6.6
Marco Reus,Borussia Dortmund,"M(CLR),FW",7,640,2,2,2,0,1.4,77.9,0.4,0,6.6
Arthur Theate,Rennes,D(C),15,1350,1,0,2,0,0.5,89.1,1.6,0,6.6
Patson Daka,Leicester,FW,7,641,3,2,2,0,1.3,67.4,0.7,0,6.6
Thijs Dallinga,Toulouse,FW,12,907,3,1,3,0,1.3,67.7,1.5,0,6.6
Stephane Singo,Torino,M(R),8,750,0,1,3,0,0.7,76.6,1.8,0,6.6
Jan Thielmann,FC Koln,"AM(CLR),FW",5,488,1,1,2,0,0.9,68.3,0.6,1,6.6
Christian Eriksen,Man Utd,"M(CLR),FW",12,1048,1,4,1,0,1.5,82.0,0.4,1,6.6
Dimitri Payet,Marseille,"M(CLR),FW",5,464,1,3,0,0,1.2,79.5,0.1,0,6.6
Dwight McNeil,Everton,AM(CLR),8,735,2,0,2,0,0.7,80.2,0.3,2,6.6
Tosin Adarabioyo,Fulham,D(CR),10,900,1,0,0,0,0.3,80.2,2.2,0,6.6
Hiroki Ito,Stuttgart,D(C),12,1077,0,1,3,0,0.7,81.4,0.8,0,6.6
Geoffrey Kondogbia,Atletico,"D(C),DMC",8,720,0,1,3,0,0.7,89.9,0.9,0,6.6
Niklas Stark,Werder Bremen,"D(C),DMC",6,644,0,0,3,0,0.2,82.0,1.2,0,6.6
Aleksey Miranchuk,Torino,"M(CR),FW",9,684,2,1,0,0,1.3,84.0,0.3,1,6.6
Bobby De Cordova-Reid,Fulham,"D(R),M(CLR),FW",14,1216,3,1,6,0,1.2,72.9,0.4,0,6.6
Petar Stojanovic,Empoli,"D(R),M(R)",11,949,0,1,2,0,0.4,76.5,0.2,0,6.6
Ansgar Knauff,Eintracht Frankfurt,M(LR),7,639,1,0,1,0,1.0,64.5,0.3,0,6.6
Nehuén Pérez,Udinese,D(C),13,1065,1,0,3,1,0.5,85.2,1.0,1,6.6
Karol Linetty,Torino,M(CLR),11,954,1,0,5,0,0.6,86.6,0.8,1,6.6
Timo Hübers,FC Koln,D(C),11,1028,0,0,3,0,0.1,83.4,2.8,0,6.6
Henrikh Mkhitaryan,Inter,"M(CLR),FW",7,664,1,1,1,0,0.8,87.0,0.3,0,6.59
Michele Di Gregorio,Monza,GK,15,1350,0,0,0,0,0.0,74.1,0.1,0,6.59
Rani Khedira,Union Berlin,"D(C),DMC",14,1216,0,0,5,0,0.9,75.1,1.3,0,6.59
Lucas Digne,Aston Villa,"D(CL),M(L)",9,812,1,0,2,0,0.4,79.0,1.6,0,6.59
Boubacar Kamara,Aston Villa,"D(CL),DMC",8,671,0,0,2,0,0.2,83.5,1.1,0,6.59
Issiaga Sylla,Toulouse,"D(LR),M(L)",12,1051,0,0,2,0,0.5,79.3,0.8,1,6.59
Alban Lafont,Nantes,GK,14,1260,0,0,0,1,0.0,63.1,0.4,1,6.59
Benjamin Henrichs,RBL,"D(LR),DMC,M(LR)",10,974,0,1,5,0,0.9,73.2,0.8,0,6.59
Kevin Akpoguma,Hoffenheim,"D(CR),M(R)",8,836,0,0,4,0,0.2,78.7,1.7,0,6.59
Mërgim Vojvoda,Torino,"D(CR),M(LR)",4,448,0,3,1,0,0.3,81.9,0.2,0,6.59
Sergio Akieme,Almeria,D(L),14,1260,0,0,3,0,1.1,81.0,0.6,1,6.59
Brendan Chardonnet,Brest,D(C),13,1215,0,0,4,0,0.4,83.2,2.8,0,6.59
Moussa Sissoko,Nantes,M(CR),8,703,1,0,2,0,0.8,76.4,1.8,1,6.59
Eljif Elmas,Napoli,M(CLR),4,530,3,1,1,0,0.8,83.8,0.1,1,6.59
Krépin Diatta,Monaco,"M(LR),FW",8,877,1,0,2,0,1.3,83.6,1.5,0,6.59
Diogo Leite,Union Berlin,D(C),13,1099,0,1,1,1,0.5,80.0,2.2,0,6.59
Éderson,Atalanta,M(C),8,744,0,0,1,0,1.2,78.9,0.4,0,6.59
MBala Nzola,Spezia,FW,15,1350,7,0,4,0,2.3,80.4,1.4,1,6.59
Jakub Kiwior,Spezia,"D(C),DMC",15,1291,0,0,2,0,0.7,85.9,1.3,0,6.59
Kasper Schmeichel,Nice,GK,13,1170,0,0,0,0,0.0,73.5,0.1,0,6.59
Pierre Lees-Melou,Brest,M(CLR),12,973,2,0,3,1,1.3,86.0,0.6,0,6.59
Luiz Henrique,Real Betis,AM(LR),9,745,0,1,1,0,1.3,76.1,0.9,1,6.59
Álex Remiro,Real Sociedad,GK,14,1260,0,0,0,0,0.0,72.1,0.3,0,6.59
Yunus Musah,Valencia,AM(CR),10,849,0,2,5,0,0.7,82.8,0.8,0,6.59
Robin Zentner,Mainz,GK,15,1350,0,0,1,0,0.0,47.6,0.7,0,6.59
Riyad Mahrez,Man City,"AM(CLR),FW",4,371,1,0,1,0,1.3,90.0,0.2,0,6.59
Rubén García,Osasuna,"AM(CLR),FW",4,422,1,2,2,0,1.0,82.9,0.6,0,6.59
Andreaw Gravillon,Reims,D(CR),12,1035,0,0,3,0,0.7,75.8,1.2,0,6.59
Jadon Sancho,Man Utd,AM(CLR),10,723,2,1,0,0,0.7,83.2,0.2,0,6.58
Musa Barrow,Bologna,"AM(CL),FW",9,692,2,1,1,0,2.4,76.1,0.2,1,6.58
Koffi Djidji,Torino,D(CL),12,1075,1,0,0,0,0.3,86.3,1.4,1,6.58
Arbër Zeneli,Reims,"AM(LR),FW",9,676,0,2,0,0,1.6,76.3,0.2,1,6.58
Matz Sels,Strasbourg,GK,15,1350,0,0,1,0,0.0,64.1,0.3,1,6.58
Zakaria Aboukhlal,Toulouse,AM(LR),14,1174,3,3,2,0,2.4,71.3,0.3,1,6.58
Anthony Modeste,Borussia Dortmund,FW,7,720,2,1,3,0,1.6,60.2,1.8,0,6.58
Stefan Bell,Mainz,D(CR),9,891,0,0,5,0,0.2,80.6,2.6,0,6.58
Khéphren Thuram,Nice,DMC,10,910,0,2,1,0,0.4,88.9,0.4,0,6.58
Marcel Halstenberg,RBL,"D(CL),M(L)",7,677,0,1,0,0,0.3,85.3,0.9,0,6.58
Aimar Oroz,Osasuna,AM(C),9,778,2,1,3,0,0.8,80.1,0.5,0,6.58
Niklas Süle,Borussia Dortmund,D(CR),9,787,1,1,1,0,0.9,88.6,1.0,0,6.58
Oumar Gonzalez,AC Ajaccio,D(C),11,948,0,0,6,0,0.5,84.3,2.0,0,6.58
Danny Ings,Aston Villa,"AM(C),FW",8,725,5,0,3,0,1.7,74.6,0.9,2,6.58
Marc Cucurella,Chelsea,"D(CL),M(L)",11,851,0,2,2,0,0.4,86.3,0.5,0,6.58
Antonio Sanabria,Torino,FW,8,682,2,1,2,0,1.7,73.7,2.3,1,6.58
Íñigo Ruíz de Galarreta,Mallorca,DMC,10,858,0,0,5,0,0.6,86.3,0.3,0,6.58
Daniel Carvajal,Real Madrid,D(R),10,877,0,1,3,0,0.5,87.1,0.3,0,6.58
Josh Doig,Verona,"D(CL),M(L)",5,498,2,1,0,0,0.9,69.4,0.7,0,6.57
Gabri Veiga,Celta Vigo,M(C),6,576,3,1,3,1,1.2,79.7,0.6,1,6.57
Douglas Luiz,Aston Villa,M(C),10,929,1,2,1,1,0.6,85.1,0.9,0,6.57
Gary Medel,Bologna,"D(C),DMC",14,1142,0,1,4,0,0.1,88.5,0.8,0,6.57
Marcos Acuña,Sevilla,"D(CL),M(CL)",7,554,0,0,4,1,0.9,77.3,1.0,0,6.57
Simon Terodde,Schalke,FW,13,1058,3,0,3,0,1.8,67.6,2.1,2,6.57
Ruslan Malinovskyi,Atalanta,"M(CR),FW",5,539,1,2,2,0,1.4,79.5,0.3,0,6.57
José Sá,Wolves,GK,15,1350,0,0,0,0,0.0,69.9,0.2,1,6.57
Dean Henderson,Nottingham Forest,GK,15,1350,0,0,2,0,0.0,57.5,0.1,2,6.57
Rico Henry,Brentford,"D(L),M(L)",15,1347,0,1,0,0,0.5,75.6,1.2,0,6.57
João Moutinho,Wolves,M(C),11,1000,0,0,2,0,0.7,85.8,0.3,0,6.57
David Raum,RBL,"D(L),M(LR)",12,1035,0,1,2,0,0.5,80.6,0.6,0,6.57
Martin Erlic,Sassuolo,D(C),10,869,0,0,1,0,0.0,88.8,1.2,0,6.57
Isco,Sevilla,"M(CLR),FW",10,803,0,2,5,0,0.3,86.8,0.4,0,6.57
Paul Jaeckel,Union Berlin,"D(C),DMC",8,798,1,0,1,0,0.2,79.9,1.1,1,6.57
Robin Le Normand,Real Sociedad,D(C),9,815,0,0,3,0,0.1,92.8,2.0,0,6.57
Marc Guéhi,Crystal Palace,D(C),14,1260,0,0,5,0,0.3,89.0,1.2,0,6.57
Jacob Ramsey,Aston Villa,AM(C),12,1026,2,2,4,0,0.7,84.6,0.3,1,6.57
Vincent Marchetti,AC Ajaccio,M(C),14,1206,0,1,3,0,1.3,82.0,0.1,0,6.56
Chidera Ejuke,Hertha Berlin,"AM(CLR),FW",9,791,0,3,0,0,1.4,82.7,0.3,0,6.56
Maxime Lopez,Sassuolo,M(CR),12,1081,0,0,5,0,0.5,88.7,0.2,0,6.56
Thibaut Courtois,Real Madrid,GK,10,900,0,0,0,0,0.0,82.2,0.2,0,6.56
Norbert Gyömbér,Salernitana,"D(CR),DMC",10,736,0,0,3,0,0.2,87.0,1.1,0,6.56
Marco Richter,Hertha Berlin,"AM(CLR),FW",5,526,3,2,3,0,1.7,68.7,0.2,0,6.56
Kamaldeen Sulemana,Rennes,AM(L),2,258,1,0,1,0,0.9,86.0,0.4,0,6.56
Niko Gießelmann,Union Berlin,"D(CL),M(L)",7,653,0,2,2,0,1.1,74.9,1.0,0,6.56
Callum Hudson-Odoi,Leverkusen,M(CLR),5,480,0,1,0,0,0.2,89.0,0.0,0,6.56
Jarrod Bowen,West Ham,"AM(CLR),FW",15,1343,2,0,0,0,2.3,74.0,0.7,1,6.56
Donyell Malen,Borussia Dortmund,"AM(L),FW",9,679,0,1,0,0,1.8,77.9,0.3,0,6.56
Micky van de Ven,Wolfsburg,D(C),15,1350,1,0,3,0,0.4,88.4,1.1,1,6.56
Abdelhamid Sabiri,Sampdoria,"AM(CL),FW",10,844,1,0,3,0,2.2,73.1,2.3,1,6.56
Stéphane Diarra,Lorient,AM(R),8,620,1,0,1,0,1.0,70.3,0.4,1,6.56
Melvin Bard,Nice,D(L),10,927,0,0,3,0,0.2,83.1,1.1,0,6.56
Antonee Robinson,Fulham,"D(L),M(L)",13,1109,0,0,4,0,0.1,75.1,1.1,0,6.56
Lewis Cook,Bournemouth,M(CL),13,1193,0,2,2,0,0.2,80.9,0.3,0,6.56
David Silva,Real Sociedad,"M(CLR),FW",11,827,0,0,2,0,1.0,86.6,0.3,0,6.56
Andrea Cambiaso,Bologna,"D(R),M(L)",11,911,0,2,2,0,0.5,78.6,0.2,0,6.56
Birama Touré,Auxerre,DMC,15,1336,0,0,1,0,0.7,84.5,1.3,0,6.56
Andrej Kramaric,Hoffenheim,"AM(CLR),FW",11,1031,3,2,1,0,1.7,80.3,0.3,0,6.56
Cengiz Ünder,Marseille,AM(CLR),6,554,0,1,0,0,1.1,75.0,0.4,0,6.56
Joe Rodon,Rennes,D(C),9,808,1,0,2,1,0.8,89.2,2.8,1,6.55
Monchu,Real Valladolid,DMC,8,657,1,1,4,0,0.7,81.4,0.3,1,6.55
Jorginho,Chelsea,DMC,11,906,2,0,3,0,0.4,84.6,0.5,0,6.55
John McGinn,Aston Villa,M(C),12,1059,0,0,4,0,1.2,79.6,0.9,0,6.55
Igor Zubeldia,Real Sociedad,"D(C),DMC",8,719,1,0,3,0,0.4,87.2,1.2,1,6.55
Santiago Ascacíbar,Cremonese,DMC,7,701,0,0,1,0,1.2,82.2,0.8,0,6.55
Dani Rodríguez,Mallorca,AM(CLR),8,694,0,2,5,0,0.5,82.4,0.2,0,6.55
Jonathan Ikoné,Fiorentina,"AM(CLR),FW",9,835,2,2,2,0,1.5,84.9,0.4,0,6.55
Maximilian Kilman,Wolves,D(C),15,1350,0,0,0,0,0.3,83.4,2.3,0,6.55
Juan Musso,Atalanta,GK,10,818,0,0,1,0,0.0,66.9,0.0,0,6.55
Joel Ward,Crystal Palace,"D(CLR),DMC,M(R)",11,1021,0,0,4,0,0.0,76.1,1.9,0,6.55
Pierre Kalulu,AC Milan,D(CR),10,1038,0,0,1,0,0.5,89.1,0.7,0,6.55
Tiago Tomás,Stuttgart,"AM(CR),FW",9,726,2,2,1,0,1.3,60.9,0.2,0,6.55
Rayan Cherki,Lyon,AM(R),1,215,0,3,1,0,0.8,81.5,0.0,0,6.55
Joris Chotard,Montpellier,DMC,11,956,0,1,3,0,0.3,82.6,0.2,0,6.55
Moise Kean,Juventus,"AM(LR),FW",6,487,4,0,2,0,1.5,75.8,0.2,1,6.55
Julian Weigl,Borussia M.Gladbach,"D(C),DMC",10,903,0,0,3,0,0.2,88.1,1.0,0,6.55
Anthony Lopes,Lyon,GK,12,1017,0,0,0,1,0.0,78.0,0.1,0,6.55
Jonny,Wolves,"D(CLR),M(LR)",11,982,0,0,3,0,0.7,85.4,0.9,0,6.55
José Fonte,Lille,D(C),14,1260,1,0,4,0,0.6,89.7,2.2,1,6.55
Pathé Ciss,Rayo Vallecano,DMC,6,638,1,0,3,0,0.8,85.8,0.9,1,6.55
Unai García,Osasuna,D(C),13,1119,0,1,4,1,0.3,79.5,1.6,0,6.55
Moussa Djenepo,Southampton,M(LR),5,524,0,1,0,0,0.2,77.2,0.3,0,6.55
Pervis Estupiñán,Brighton,D(L),8,635,0,0,3,0,0.4,81.2,1.1,0,6.55
Amos Pieper,Werder Bremen,D(C),13,1104,0,1,6,0,0.5,78.3,2.1,0,6.54
Jordan Lotomba,Nice,"D(LR),M(R)",10,934,0,0,2,0,0.4,84.7,0.7,0,6.54
Rodrigo Ely,Almeria,D(C),14,1235,0,0,2,1,0.6,83.2,2.4,0,6.54
Iván Balliu,Rayo Vallecano,"D(R),M(R)",14,1260,0,0,2,0,0.3,82.0,0.8,0,6.54
Sandi Lovric,Udinese,AM(C),9,770,2,1,1,0,1.9,83.3,0.1,0,6.54
Christopher Trimmel,Union Berlin,"D(CR),M(R)",10,927,0,2,1,0,0.5,64.9,0.5,0,6.54
Maxime Le Marchand,Strasbourg,D(CL),12,971,0,0,3,1,0.3,81.0,2.3,0,6.54
Danny Ward,Leicester,GK,15,1350,0,0,0,0,0.0,70.2,0.3,1,6.54
Óscar Gil,Espanyol,D(R),10,870,0,1,4,0,0.5,80.3,0.4,0,6.54
David Alaba,Real Madrid,"D(CL),M(CL)",13,1167,1,3,3,0,0.6,90.2,0.3,0,6.54
Naouirou Ahamada,Stuttgart,M(C),15,1241,2,0,2,0,1.0,85.4,0.5,0,6.54
Noah Fadiga,Brest,D(R),9,655,1,0,0,0,0.8,82.3,0.2,0,6.54
Amine Harit,Marseille,"AM(CLR),FW",6,515,0,0,2,0,0.6,84.4,0.1,0,6.54
Aitor Ruibal,Real Betis,"D(R),M(LR)",5,558,0,0,1,0,0.5,77.6,0.3,0,6.54
Tyrone Mings,Aston Villa,D(CL),13,1170,0,0,3,0,0.1,83.0,1.7,0,6.54
David de Gea,Man Utd,GK,14,1260,0,0,0,0,0.0,65.5,0.1,0,6.54
Ronaël Pierre-Gabriel,Strasbourg,"D(CLR),M(R)",7,636,0,1,3,0,0.2,79.9,0.6,0,6.54
Conor Coady,Everton,"D(CR),DMC",14,1251,1,1,1,0,0.2,85.3,1.0,0,6.54
Yassine Bounou,Sevilla,GK,13,1037,0,0,2,0,0.0,69.4,0.0,1,6.54
Scott McTominay,Man Utd,"D(C),DMC",6,637,0,0,5,0,0.5,82.3,1.5,0,6.54
Julián Álvarez,Man City,"AM(R),FW",3,358,3,0,0,0,0.9,86.8,0.3,1,6.54
Alessandro Bastoni,Inter,D(C),9,732,0,1,2,0,0.4,87.8,1.2,0,6.54
Omar Marmoush,Wolfsburg,"AM(L),FW",8,689,2,0,2,0,1.6,64.6,1.9,0,6.54
Kiliann Sildillia,Freiburg,D(R),13,1160,0,2,2,0,0.4,75.1,1.6,0,6.54
Colin Dagba,Strasbourg,"D(R),M(R)",6,465,0,0,1,0,0.2,85.1,0.2,0,6.54
Rodrigo De Paul,Atletico,"AM(CLR),FW",9,674,1,1,2,0,0.7,84.0,0.2,1,6.54
Jonathan Tah,Leverkusen,D(C),14,1221,1,0,4,0,0.4,89.3,1.7,0,6.54
Matías Vecino,Lazio,M(C),9,814,1,0,1,0,1.1,84.5,0.6,0,6.54
Lilian Brassier,Brest,D(CL),14,1202,0,0,2,0,0.4,79.2,1.2,0,6.54
Matteo Darmian,Inter,"D(CLR),M(LR)",6,502,0,2,2,0,0.0,78.0,0.4,0,6.54
Jeffrey Schlupp,Crystal Palace,"D(L),M(CLR)",12,1096,0,0,3,0,0.9,80.0,0.6,0,6.54
Kristijan Jakic,Eintracht Frankfurt,"D(CR),DMC",12,1011,1,0,1,0,0.4,77.2,1.1,0,6.53
Lucas Chevalier,Lille,GK,9,810,0,0,0,0,0.0,60.4,0.0,0,6.53
Maxime Gonalons,Clermont Foot,"D(C),M(C)",8,534,1,0,3,0,0.3,89.1,0.6,1,6.53
Mohamed Youssouf,AC Ajaccio,D(R),9,844,0,0,1,0,0.1,75.5,1.9,0,6.53
Conor Gallagher,Chelsea,AM(C),7,501,1,1,1,1,0.7,81.3,0.5,1,6.53
Serhou Guirassy,Stuttgart,"AM(L),FW",9,780,4,0,1,1,2.0,66.5,2.4,0,6.53
Marvin Friedrich,Borussia M.Gladbach,D(C),10,961,1,0,1,0,0.5,85.8,2.1,0,6.53
Lovro Majer,Rennes,AM(CR),6,566,1,2,2,0,0.9,84.6,0.0,0,6.53
Davinson Sánchez,Tottenham,D(C),6,530,0,0,1,0,0.3,88.1,1.4,0,6.53
Julien Ponceau,Lorient,AM(C),9,773,0,2,1,0,0.6,83.8,0.1,0,6.53
Ruben Loftus-Cheek,Chelsea,M(CLR),12,958,0,0,1,0,0.6,86.4,1.4,0,6.53
Ryan Yates,Nottingham Forest,DMC,11,1034,0,1,3,0,1.3,80.7,1.8,0,6.53
Josh Dasilva,Brentford,M(C),7,687,2,1,1,0,0.6,83.2,0.3,0,6.53
Luis Muriel,Atalanta,"AM(CL),FW",6,524,1,2,0,1,1.0,67.6,0.7,1,6.53
Salih Özcan,Borussia Dortmund,M(C),11,889,0,1,4,0,0.1,87.8,0.7,0,6.53
Krzysztof Piatek,Salernitana,FW,8,679,3,1,2,0,1.9,78.5,1.8,1,6.53
Jordan Ferri,Montpellier,M(C),13,1088,0,2,3,0,0.3,86.0,0.7,0,6.53
Joan Gonzàlez,Lecce,M(C),13,1118,1,2,4,0,0.6,77.8,1.3,1,6.53
Kamory Doumbia,Reims,AM(C),9,716,1,1,0,0,1.1,81.0,0.4,0,6.53
kiko Femenia,Villarreal,"D(LR),M(R)",9,850,0,0,0,0,0.0,88.1,0.5,0,6.53
Luis Sinisterra,Leeds,"AM(LR),FW",6,456,2,0,1,1,1.1,84.1,1.0,0,6.52
Sergio Canales,Real Betis,M(CLR),9,860,1,0,2,1,0.6,81.8,0.6,0,6.52
Luca Caldirola,Monza,D(CL),10,895,0,0,2,0,0.3,90.3,1.7,0,6.52
Emiliano Buendía,Aston Villa,M(CLR),7,727,1,0,0,0,1.1,81.3,0.6,0,6.52
Jordan Henderson,Liverpool,"D(C),M(CLR)",7,647,0,0,0,0,0.8,82.7,0.4,0,6.52
Philipp Förster,Bochum,"M(CLR),FW",8,655,1,2,1,0,0.8,79.8,0.4,1,6.52
Tomás Rincón,Sampdoria,M(CR),13,1092,0,2,2,0,0.6,82.2,1.1,0,6.52
Andrea Colpani,Monza,Midfielder,3,336,2,0,0,0,1.0,87.3,0.0,0,6.52
Renato Sanches,PSG,M(CR),2,316,2,0,0,0,0.6,93.5,0.1,0,6.52
Antonino Gallo,Lecce,D(L),10,914,0,1,0,1,0.2,71.2,1.1,0,6.52
Adrien Hunou,Angers,"AM(CLR),FW",14,1096,3,1,1,0,1.5,75.2,0.6,0,6.52
Eduardo Camavinga,Real Madrid,DMC,5,506,0,0,1,0,0.6,91.5,0.4,0,6.52
Marco Bizot,Brest,GK,14,1260,0,0,2,0,0.0,67.1,0.0,0,6.52
Jens Cajuste,Reims,DMC,5,525,0,1,3,1,0.6,80.8,0.3,0,6.52
Richarlison,Tottenham,"AM(CLR),FW",5,438,0,2,2,0,1.3,75.4,0.4,1,6.52
Christoph Kramer,Borussia M.Gladbach,M(C),14,1187,0,0,3,0,0.3,83.5,0.9,0,6.52
Carles Aleñá,Getafe,AM(CLR),13,1030,2,2,6,0,1.0,80.3,0.5,1,6.52
Leonardo Bittencourt,Werder Bremen,"M(CLR),FW",8,578,2,0,3,0,0.7,76.4,0.1,0,6.52
Anthony Losilla,Bochum,"D(C),DMC",15,1330,0,0,3,0,0.7,71.2,2.7,0,6.52
Jefferson Lerma,Bournemouth,"D(R),DMC",15,1350,2,0,3,0,0.9,82.6,1.8,0,6.52
Ignatius Ganago,Nantes,"AM(LR),FW",5,508,3,2,0,0,0.9,70.1,1.8,0,6.52
Joël Veltman,Brighton,"D(CR),M(R)",11,950,0,0,1,0,0.3,83.8,0.6,0,6.52
Ryan Christie,Bournemouth,"AM(CLR),FW",9,722,1,0,1,0,1.1,83.8,0.3,0,6.52
Edmond Tapsoba,Leverkusen,D(C),15,1314,0,0,2,0,0.3,86.4,1.3,1,6.52
Cédric Brunner,Schalke,D(CR),12,1020,0,0,1,0,0.3,73.5,1.3,0,6.52
Assan Ceesay,Lecce,FW,10,892,3,0,1,0,1.3,60.2,1.9,1,6.52
Manu Sánchez,Osasuna,D(L),4,466,0,1,0,0,0.4,83.4,0.4,0,6.52
Samuel Gigot,Marseille,D(C),9,721,2,0,2,2,0.5,86.9,1.6,1,6.51
Marcus Ingvartsen,Mainz,"AM(CR),FW",6,460,4,0,0,0,1.8,64.0,1.2,0,6.51
Ben Chilwell,Chelsea,"D(L),M(L)",4,418,1,1,1,0,0.3,82.0,1.3,0,6.51
Ryan Sessegnon,Tottenham,"D(L),M(LR)",8,663,2,0,3,0,1.3,72.5,0.8,0,6.51
Elbasan Rashani,Clermont Foot,AM(LR),9,769,1,1,1,0,0.9,79.5,0.8,0,6.51
Joe Scally,Borussia M.Gladbach,"D(R),M(R)",15,1305,0,0,1,0,0.3,77.1,0.7,0,6.51
Valentin Gendrey,Lecce,D(R),13,1182,0,0,3,0,0.1,75.1,1.0,0,6.51
Yangel Herrera,Girona,M(C),9,634,0,2,1,0,1.3,81.3,0.8,0,6.51
Charles De Ketelaere,AC Milan,"M(CLR),FW",5,576,0,1,2,0,0.7,76.1,0.8,0,6.51
Francesco Acerbi,Inter,D(C),7,658,0,1,1,0,0.3,88.7,1.9,0,6.51
Rogerio,Sassuolo,"D(L),M(L)",13,1154,0,2,2,0,0.2,83.6,0.5,1,6.51
Ivan Ordets,Bochum,D(C),12,1037,0,0,2,0,0.3,73.7,3.9,0,6.51
Giacomo Raspadori,Napoli,"AM(CL),FW",7,517,1,0,1,0,2.1,79.3,0.1,0,6.51
Dylan Bronn,Salernitana,D(C),11,978,0,0,1,0,0.4,84.7,1.4,0,6.51
Vanja Milinkovic-Savic,Torino,GK,15,1350,0,0,2,0,0.0,54.5,0.3,0,6.51
Alessandro Buongiorno,Torino,D(C),10,908,0,0,5,0,0.5,81.0,3.1,0,6.51
Danilo Soares,Bochum,"D(L),M(L)",10,827,0,0,2,0,0.1,72.8,1.2,0,6.51
Jan Oblak,Atletico,GK,12,1053,0,0,1,0,0.0,57.5,0.3,0,6.51
Aaron Hickey,Brentford,"D(LR),M(LR)",8,684,0,0,4,0,0.3,83.1,0.4,0,6.51
Yohann Magnin,Clermont Foot,DMC,10,939,0,0,4,0,0.5,85.0,0.7,0,6.51
Sergio León,Real Valladolid,FW,7,627,5,1,0,0,1.2,67.9,0.8,1,6.51
Evann Guessand,Nantes,"AM(R),FW",8,635,1,2,1,0,0.7,79.5,0.8,0,6.51
Pere Milla,Elche,"AM(CL),FW",8,806,3,1,3,0,0.8,76.1,0.9,1,6.5
Kevin Behrens,Union Berlin,FW,3,442,2,1,1,0,0.5,63.6,4.0,1,6.5
Édouard Mendy,Chelsea,GK,8,765,0,0,1,0,0.0,75.7,0.3,0,6.5
Giorgio Scalvini,Atalanta,D(C),8,648,1,0,3,0,0.4,74.4,0.4,0,6.5
Luka Lochoshvili,Cremonese,D(C),12,971,0,1,1,0,0.3,80.8,1.5,0,6.5
Joseph Aidoo,Celta Vigo,D(C),14,1260,1,0,2,0,0.4,85.5,1.7,1,6.5
Jean-Clair Todibo,Nice,D(C),13,1073,0,0,2,2,0.2,89.1,0.9,1,6.5
José Ángel Carmona,Sevilla,D(C),4,443,2,1,4,0,0.6,84.0,0.3,1,6.5
Mohamed Elyounoussi,Southampton,"AM(CLR),FW",12,988,0,1,2,0,1.5,69.2,1.1,0,6.5
Kieffer Moore,Bournemouth,FW,8,750,4,0,0,0,0.7,60.3,2.5,1,6.5
Marco Asensio,Real Madrid,"AM(CLR),FW",1,179,1,2,0,0,0.9,96.5,0.0,1,6.5
Patrick Ciurria,Monza,M(R),8,771,0,3,2,0,1.1,82.9,0.2,1,6.5
Divock Origi,AC Milan,"AM(LR),FW",4,432,1,1,1,0,1.5,70.9,0.8,1,6.5
Gerrit Holtmann,Bochum,"D(L),M(LR)",7,733,1,1,0,0,1.8,69.3,0.9,0,6.5
Samuel Chukwueze,Villarreal,AM(CR),5,534,0,1,1,0,1.1,76.0,0.5,0,6.5
Nathan Collins,Wolves,D(CR),12,1023,0,0,2,1,0.0,89.7,1.3,0,6.5
Adam Lallana,Brighton,M(CLR),8,495,1,1,0,0,0.5,84.1,0.5,0,6.5
Sebastiaan Bornauw,Wolfsburg,D(C),9,727,0,0,3,0,0.2,81.2,1.3,0,6.5
Sam Lammers,Empoli,FW,10,886,1,1,0,0,2.0,63.6,1.3,1,6.49
Giovanni Reyna,Borussia Dortmund,AM(CLR),3,363,2,0,1,0,0.9,74.2,0.3,0,6.49
Alexander Hack,Mainz,D(C),13,992,0,0,2,1,0.2,74.6,2.3,0,6.49
Leandro Cabrera,Espanyol,D(CL),13,1108,0,0,1,1,0.9,74.5,2.8,0,6.49
Ángel Correa,Atletico,"AM(CLR),FW",4,509,3,0,0,0,1.4,82.9,0.1,1,6.49
Brecht Dejaegere,Toulouse,AM(C),10,776,3,0,2,0,0.8,80.4,0.5,0,6.49
Neeskens Kebano,Fulham,AM(CLR),9,719,0,3,0,0,0.8,80.4,0.1,0,6.49
Adam Webster,Brighton,D(C),13,1170,0,0,1,0,0.9,86.5,2.5,0,6.49
André Gomes,Lille,M(CLR),6,537,0,0,2,0,0.8,85.0,0.7,0,6.49
Alex Telles,Sevilla,"D(L),M(L)",7,752,0,2,4,0,0.3,80.5,0.9,0,6.49
Nicolas Jackson,Villarreal,FW,8,777,2,2,1,0,1.2,72.7,0.3,0,6.49
Jeff Reine-Adélaïde,Lyon,"AM(CLR),FW",1,305,0,0,1,0,0.8,89.6,0.3,0,6.49
Tobias Mohr,Schalke,"D(L),M(CL)",8,696,0,2,0,0,0.8,67.0,0.6,0,6.49
Jeremy Toljan,Sassuolo,"D(LR),M(LR)",14,1319,0,1,1,0,0.3,82.6,0.1,0,6.49
Ferran Torres,Barcelona,"AM(LR),FW",6,567,2,0,3,0,2.0,83.0,0.1,0,6.49
Jonny Evans,Leicester,D(CL),9,810,0,0,0,0,0.1,89.4,2.2,1,6.49
Benoît Costil,Auxerre,GK,15,1350,0,0,0,0,0.0,68.5,0.1,0,6.49
Unai Simón,Athletic Bilbao,GK,14,1260,0,0,1,0,0.0,71.3,0.0,0,6.49
Rayan Aït-Nouri,Wolves,"D(L),M(L)",7,667,0,0,1,0,0.7,82.7,0.7,0,6.48
Toni Lato,Valencia,D(L),2,271,1,0,0,0,0.6,87.7,0.1,1,6.48
Charalampos Lykogiannis,Bologna,"D(CL),M(L)",6,587,1,0,2,0,0.7,72.0,0.8,0,6.48
Thierno Baldé,Troyes,D(R),10,802,0,0,0,0,0.3,84.9,0.2,0,6.48
Dany Mota,Monza,FW,7,608,2,0,1,0,0.7,69.7,1.1,0,6.48
Jonathan Burkardt,Mainz,"AM(CR),FW",7,537,1,2,2,0,1.9,71.9,0.7,1,6.48
Yoane Wissa,Brentford,"AM(L),FW",6,637,3,1,1,0,1.1,75.4,0.5,0,6.48
Anthony Caci,Mainz,"D(CLR),M(L)",6,617,1,0,0,0,0.3,74.1,0.5,0,6.48
Nico González,Valencia,DMC,5,513,1,0,0,0,0.8,89.9,0.8,0,6.48
Duván Zapata,Atalanta,FW,6,512,1,0,1,0,1.4,69.1,2.1,0,6.48
Cheikhou Kouyaté,Nottingham Forest,"D(CR),DMC",9,709,1,0,2,0,0.4,77.6,1.2,0,6.48
Josuha Guilavogui,Wolfsburg,"D(C),M(C)",4,451,1,0,1,0,0.2,78.6,1.7,0,6.48
Tonny Vilhena,Salernitana,"D(L),M(CL)",11,987,1,1,3,0,1.4,79.3,0.4,0,6.48
Antonio Rüdiger,Real Madrid,D(CR),7,683,1,0,1,0,0.6,92.8,1.0,0,6.48
Filip Djuricic,Sampdoria,"AM(CLR),FW",13,1017,2,0,5,0,0.5,77.9,0.5,0,6.48
Nacho Vidal,Osasuna,D(R),10,892,0,0,2,0,0.6,76.6,1.4,0,6.48
Alexis Blin,Lecce,DMC,6,687,0,0,2,0,0.1,83.6,0.8,0,6.48
Gerson,Marseille,M(CLR),6,420,2,0,1,0,0.9,82.4,0.8,0,6.48
Lassine Sinayoko,Auxerre,AM(R),10,866,0,2,0,1,1.6,75.1,0.7,0,6.48
Haris Belkebla,Brest,DMC,12,1087,1,0,1,0,0.4,84.3,0.8,0,6.47
Unai Núñez,Celta Vigo,D(C),13,1170,0,0,3,0,0.5,88.6,2.0,0,6.47
Francis Coquelin,Villarreal,M(CLR),6,520,1,0,2,0,0.4,86.8,0.5,0,6.47
Pedro Chirivella,Nantes,DMC,14,1202,0,0,1,0,0.9,85.2,0.4,0,6.47
Gabriel Paulista,Valencia,D(CR),7,579,1,0,1,0,1.1,88.2,2.0,0,6.47
Konstantinos Tsimikas,Liverpool,D(L),4,365,0,3,1,0,0.3,85.0,0.2,0,6.47
Takehiro Tomiyasu,Arsenal,D(CLR),4,406,0,0,1,0,0.1,83.8,0.6,0,6.47
Souleyman Doumbia,Angers,"D(L),M(L)",13,1078,0,0,2,0,0.3,81.0,0.8,0,6.47
Stole Dimitrievski,Rayo Vallecano,GK,13,1170,0,0,3,0,0.0,54.2,0.1,1,6.47
Emanuele Valeri,Cremonese,M(L),12,1007,1,0,1,0,1.1,61.1,0.5,0,6.47
Rubén Sobrino,Cadiz,"AM(CLR),FW",9,801,1,0,3,0,1.2,77.3,1.6,0,6.47
Wilson Odobert,Troyes,Forward,6,694,3,2,0,0,0.9,79.6,0.3,0,6.47
Nemanja Radonjic,Torino,M(CLR),7,697,2,1,0,0,2.0,68.8,0.4,2,6.47
Yan Couto,Girona,"D(R),M(R)",5,505,0,0,1,0,0.2,81.4,0.1,0,6.47
Agustín Marchesín,Celta Vigo,GK,14,1260,0,0,3,0,0.0,67.8,0.2,0,6.47
Arkadiusz Reca,Spezia,"D(L),M(L)",9,792,1,1,1,0,0.5,72.3,0.4,0,6.47
Arnaud Nordin,Montpellier,"AM(CLR),FW",10,811,3,1,2,0,1.2,79.1,0.4,0,6.47
Eric Martel,FC Koln,DMC,9,768,0,0,1,0,0.8,81.2,2.3,0,6.47
Leonardo Spinazzola,Roma,"D(LR),M(L)",8,739,0,1,0,0,0.3,77.2,0.5,0,6.47
Pape Gueye,Marseille,DMC,3,338,1,0,1,0,0.7,83.8,0.8,0,6.47
Stephan El Shaarawy,Roma,"M(CLR),FW",1,340,1,0,0,0,0.9,81.3,0.3,0,6.47
Matheus Nunes,Wolves,AM(C),11,862,0,1,1,0,1.3,81.2,0.7,1,6.46
Renato Tapia,Celta Vigo,"D(C),DMC",7,641,0,0,2,0,0.2,87.7,1.0,0,6.46
Fernando Calero,Espanyol,D(C),10,875,0,0,1,0,0.2,83.9,1.2,0,6.46
Hugo Magnetti,Brest,DMC,6,587,0,0,0,0,0.4,83.9,0.4,0,6.46
Thomas Ouwejan,Schalke,"D(L),M(L)",9,743,0,1,1,0,0.5,69.1,0.0,0,6.46
Mathias Pereira Lage,Brest,M(CLR),12,950,0,1,1,0,1.1,72.8,1.1,0,6.46
Adam Hlozek,Leverkusen,"AM(CL),FW",7,577,1,2,1,0,0.9,82.6,0.5,1,6.46
Sebastiano Luperto,Empoli,D(C),13,1086,0,0,1,2,0.4,84.5,1.2,1,6.46
András Schäfer,Union Berlin,M(C),8,707,0,0,0,0,0.5,76.3,0.8,0,6.46
Ezri Konsa,Aston Villa,D(CR),14,1261,0,0,2,0,0.2,83.8,1.8,0,6.46
Mathías Olivera,Napoli,"D(L),M(L)",4,376,1,0,1,0,0.2,85.6,0.3,1,6.46
Joe Worrall,Nottingham Forest,D(C),7,713,0,0,4,0,0.2,82.9,1.3,0,6.46
Matty Cash,Aston Villa,"D(R),M(CLR)",12,1032,0,0,3,0,0.5,74.4,0.5,0,6.46
Daniel Podence,Wolves,"AM(CLR),FW",12,1022,2,0,3,0,1.6,69.5,0.3,0,6.46
Pablo Fornals,West Ham,M(CLR),9,781,1,0,0,0,0.9,79.3,0.4,1,6.46
Martín Satriano,Empoli,FW,11,878,1,1,3,0,1.7,71.6,1.7,0,6.46
Robin Koch,Leeds,"D(C),DMC",14,1216,0,0,3,0,0.4,77.8,2.6,0,6.46
Lewis Dunk,Brighton,D(C),14,1260,0,0,0,0,0.6,89.2,1.3,0,6.46
Christian Groß,Werder Bremen,"D(C),DMC",11,911,1,0,1,0,0.2,82.8,0.8,0,6.46
Razvan Marin,Empoli,M(C),10,980,0,0,4,0,0.7,84.8,0.4,0,6.46
Piero Hincapié,Leverkusen,D(CL),11,1011,1,0,3,2,0.6,83.3,1.6,0,6.45
Adam Smith,Bournemouth,"D(LR),M(LR)",15,1306,0,1,4,0,0.2,80.2,0.8,0,6.45
Clerc,Elche,"D(L),M(L)",10,864,0,1,1,0,0.5,76.5,0.5,0,6.45
Andrea Pinamonti,Sassuolo,FW,14,1162,3,0,2,0,2.3,63.3,1.3,0,6.45
Robert Sánchez,Brighton,GK,14,1260,0,0,0,0,0.0,67.8,0.1,0,6.45
Lukás Hrádecky,Leverkusen,GK,14,1260,0,0,0,1,0.0,69.9,0.2,0,6.45
Brandon Soppy,Atalanta,"D(R),M(LR)",7,530,0,3,2,0,0.5,78.8,0.3,1,6.45
Yan Valery,Angers,"D(CR),M(R)",9,672,0,0,1,0,0.4,75.0,1.1,0,6.45
Rubén Peña,Osasuna,"D(R),M(LR)",6,566,0,1,1,1,0.9,77.0,0.8,1,6.45
Lucas Perrin,Strasbourg,D(C),5,551,0,0,0,0,0.1,84.1,1.2,0,6.45
Gianluca Scamacca,West Ham,FW,9,758,2,0,3,0,1.9,66.7,0.9,0,6.45
Roberto Soriano,Bologna,AM(CLR),6,635,0,3,0,0,0.4,79.4,0.5,0,6.45
Hugo Ekitike,PSG,FW,2,224,1,2,0,0,0.7,87.4,0.1,0,6.45
Kevin Vogt,Hoffenheim,"D(CR),M(C)",14,1193,0,0,6,0,0.0,89.5,0.3,0,6.45
Miguel Gutiérrez,Girona,D(L),11,915,0,2,3,0,0.6,82.9,0.0,0,6.44
Antonio Candreva,Salernitana,M(CLR),13,1172,2,1,0,1,1.2,81.7,0.0,0,6.44
Takumi Minamino,Monaco,"AM(CLR),FW",5,333,1,3,1,0,0.8,76.6,0.4,0,6.44
Miha Blazic,Angers,D(C),10,856,2,0,0,0,0.4,87.5,1.8,0,6.44
Linton Maina,FC Koln,"M(CLR),FW",9,811,1,3,0,0,1.3,74.9,0.1,1,6.44
Luka Jovic,Fiorentina,FW,9,750,3,0,2,0,2.0,75.4,1.0,1,6.44
Matt Targett,Newcastle,"D(L),M(L)",4,421,0,0,0,0,0.1,80.4,0.9,0,6.44
Kevin Agudelo,Spezia,"AM(CR),FW",11,983,0,0,2,0,0.8,73.9,0.4,0,6.44
James Milner,Liverpool,"D(LR),M(CLR)",4,464,0,1,0,0,0.4,78.8,0.6,0,6.44
Dimitri Liénard,Strasbourg,"D(L),M(CL)",9,747,0,0,2,0,0.8,78.1,0.9,0,6.44
Lucas Olaza,Real Valladolid,"D(L),M(L)",6,641,0,0,2,0,0.2,83.3,1.6,0,6.44
Valentino Lazaro,Torino,"D(R),M(CLR)",11,909,0,1,4,0,0.5,78.3,0.3,0,6.44
Luca Zanimacchia,Cremonese,AM(C),8,661,0,0,2,0,1.5,73.9,0.2,0,6.44
Ante Budimir,Osasuna,FW,7,557,1,0,1,0,1.7,61.6,2.5,0,6.44
Sergio Herrera,Osasuna,GK,10,900,0,0,3,0,0.0,58.1,0.2,0,6.44
Maximilian Bauer,Augsburg,D(C),12,1038,0,0,6,0,0.6,71.7,3.1,0,6.44
Martin Braithwaite,Espanyol,"AM(CLR),FW",9,706,3,1,2,1,1.9,63.8,1.2,1,6.44
Álex Fernández,Cadiz,"M(CL),FW",8,701,2,0,0,0,0.8,88.0,0.5,1,6.44
Federico Ceccherini,Verona,D(C),9,641,1,0,5,1,0.4,78.8,1.6,1,6.44
Tyrick Mitchell,Crystal Palace,D(L),12,980,0,2,2,0,0.1,72.0,0.7,0,6.44
Adama Traoré,Wolves,"M(CLR),FW",6,621,1,0,0,0,0.7,73.1,1.4,0,6.44
Cristian Buonaiuto,Cremonese,Midfielder,2,365,0,0,0,0,1.7,74.4,0.1,0,6.44
Álvaro Aguado,Real Valladolid,M(C),8,747,0,2,1,0,0.5,86.5,0.6,0,6.44
Alexander Schwolow,Schalke,GK,15,1350,0,0,1,0,0.1,60.2,0.2,0,6.44
Isak Hien,Verona,D(C),8,880,0,0,5,0,0.1,74.5,2.5,0,6.44
Jakub Kaminski,Wolfsburg,M(LR),10,804,0,2,0,0,1.0,72.5,0.2,0,6.43
Jean-Victor Makengo,Udinese,AM(CL),9,645,0,1,2,0,0.5,85.9,0.3,0,6.43
Alejandro Pozo,Almeria,"D(R),M(R)",6,579,0,1,0,0,0.3,72.8,0.4,0,6.43
Arthur Cabral,Fiorentina,FW,4,496,2,1,1,0,1.4,76.3,1.5,0,6.43
Erik Lamela,Sevilla,"AM(CLR),FW",10,958,3,0,3,1,1.8,80.5,0.4,0,6.43
Cristhian Stuani,Girona,"AM(CLR),FW",3,413,4,0,2,0,1.3,75.9,0.5,0,6.43
Iván Sánchez,Real Valladolid,AM(CR),7,556,0,0,0,0,0.8,84.8,0.0,0,6.43
Chris Mepham,Bournemouth,D(C),14,1252,0,0,5,0,0.4,83.4,1.8,0,6.43
Pietro Terracciano,Fiorentina,GK,12,1080,0,0,1,0,0.0,72.8,0.3,1,6.43
Fábio Carvalho,Liverpool,AM(CL),4,335,2,0,0,0,1.0,83.2,0.4,0,6.43
Marius Bülter,Schalke,"D(R),M(CLR),FW",14,1177,3,0,3,0,1.9,68.3,1.2,0,6.43
Mads Pedersen,Augsburg,"D(L),M(CL)",7,692,0,0,1,0,0.1,69.5,0.4,0,6.43
Mattias Svanberg,Wolfsburg,M(CL),7,626,0,2,2,0,0.3,71.6,0.6,0,6.43
Darko Brasanac,Osasuna,M(CR),4,482,1,1,3,0,0.4,84.4,0.6,0,6.43
Milan Skriniar,Inter,D(C),14,1280,0,0,2,0,0.5,92.1,0.9,0,6.43
Nahuel Molina,Atletico,"D(R),M(R)",11,927,0,0,2,1,0.5,78.3,0.6,0,6.43
Théo Le Bris,Lorient,Defender,9,816,1,0,0,0,0.4,80.9,0.6,0,6.43
Benno Schmitz,FC Koln,D(CLR),13,1038,1,0,0,0,0.3,63.2,0.9,0,6.43
Romano Schmid,Werder Bremen,AM(CL),10,937,0,2,1,0,0.6,75.7,0.6,0,6.43
Jérémie Bela,Clermont Foot,M(LR),7,568,1,1,0,0,0.7,72.4,0.2,0,6.43
Srdjan Babic,Almeria,D(C),12,1125,1,0,1,0,0.2,88.3,1.5,0,6.43
Omar Colley,Sampdoria,D(C),12,1125,1,0,5,0,0.3,86.0,1.8,0,6.43
Jean-Kévin Duverne,Brest,D(CLR),11,1104,0,0,1,0,0.1,75.6,1.1,0,6.42
Gaetan Perrin,Auxerre,Forward,3,432,2,1,1,0,0.5,77.2,0.5,0,6.42
Fredrik Jensen,Augsburg,"AM(C),FW",6,618,1,1,0,0,0.5,58.6,1.5,0,6.42
Yoann Salmier,Troyes,D(C),13,1074,1,0,3,1,0.6,84.5,1.1,0,6.42
Jean-Eudes Aholou,Strasbourg,DMC,7,591,0,0,2,0,0.4,70.4,0.8,0,6.42
Matheus Cunha,Atletico,"AM(CL),FW",2,372,0,2,2,0,1.1,78.5,0.3,0,6.42
Dodô,Fiorentina,D(R),11,872,0,1,2,0,0.2,85.6,0.5,0,6.42
Aihen Muñoz,Real Sociedad,D(L),8,667,0,0,0,0,0.2,83.9,1.0,0,6.42
Erik Palmer-Brown,Troyes,D(C),14,1250,0,0,2,0,0.3,85.8,1.5,0,6.42
Álvaro Negredo,Cadiz,FW,5,410,1,1,0,0,0.6,58.0,2.0,0,6.42
Bafodé Diakité,Lille,D(CR),12,1120,0,0,4,0,0.6,86.7,1.4,0,6.42
Fabio Depaoli,Verona,"D(R),DMC,M(LR)",7,667,1,2,2,0,0.6,65.4,0.5,0,6.42
Carlos Gruezo,Augsburg,DMC,12,965,0,0,5,0,0.2,72.9,0.7,0,6.42
Vladimír Coufal,West Ham,"D(R),M(R)",7,684,0,0,1,0,0.2,67.4,1.1,0,6.42
Marcos Senesi,Bournemouth,D(C),11,941,0,0,1,0,0.1,80.7,0.6,0,6.42
Charles Aránguiz,Leverkusen,M(C),4,493,1,0,1,0,0.5,83.2,0.2,0,6.41
Unai López,Rayo Vallecano,M(CR),6,553,1,2,0,0,1.0,86.6,0.2,1,6.41
Bartosz Bereszynski,Sampdoria,"D(CLR),M(R)",14,1113,0,0,1,0,0.2,75.1,1.2,0,6.41
Christopher Antwi-Adjei,Bochum,AM(CLR),4,454,2,2,0,0,1.1,68.1,0.6,0,6.41
Moussa Dembele,Lyon,FW,6,573,2,0,1,0,1.6,76.5,1.3,0,6.41
Jørgen Strand Larsen,Celta Vigo,FW,9,696,0,2,3,0,1.6,68.6,1.7,0,6.41
Elseid Hysaj,Lazio,"D(LR),M(R)",3,375,0,1,1,0,0.1,85.7,0.4,0,6.41
Mickaël Alphonse,AC Ajaccio,D(R),7,650,0,0,1,0,0.4,68.6,1.8,0,6.41
Cyrille Bayala,AC Ajaccio,AM(R),10,766,1,0,3,0,0.8,65.3,1.0,0,6.41
Alfonso Espino,Cadiz,D(L),13,1143,0,3,3,0,0.6,65.2,0.5,0,6.41
Emil Forsberg,RBL,"AM(CLR),FW",6,585,2,2,2,0,0.4,85.8,0.3,0,6.41
Ludovic Ajorque,Strasbourg,FW,6,508,1,0,1,0,1.5,71.6,3.1,0,6.41
Jordan Zemura,Bournemouth,D(L),9,788,0,1,1,0,0.0,69.8,0.3,0,6.41
Stefan Mitrovic,Getafe,D(C),11,1034,0,0,3,0,0.1,82.8,1.8,0,6.41
Thomas Mangani,AC Ajaccio,M(C),5,516,1,1,2,0,0.6,74.2,0.9,0,6.41
Lameck Banda,Lecce,AM(L),10,893,1,1,2,0,1.1,68.9,0.2,1,6.41
Bevic Moussiti-Oko,AC Ajaccio,FW,5,485,1,0,0,0,1.0,54.7,2.8,1,6.41
Nadiem Amiri,Leverkusen,M(CLR),3,418,1,1,3,0,0.7,82.7,0.0,0,6.41
Jon Pacheco,Real Sociedad,D(C),7,677,0,0,2,0,0.1,91.1,1.4,0,6.41
Kristian Thorstvedt,Sassuolo,M(C),10,799,1,1,3,0,0.9,77.9,1.4,0,6.4
Samuele Birindelli,Monza,M(R),7,639,0,1,1,0,0.8,73.0,0.0,0,6.4
Tyrell Malacia,Man Utd,D(L),6,567,0,0,2,0,0.1,84.1,0.4,0,6.4
Karim Adeyemi,Borussia Dortmund,"AM(R),FW",7,492,0,0,3,0,1.1,75.4,0.5,0,6.4
Silvan Widmer,Mainz,"D(CR),M(R)",11,927,1,0,0,0,1.2,74.5,0.7,0,6.4
Andrea Consigli,Sassuolo,GK,15,1350,0,0,0,0,0.0,76.4,0.3,1,6.4
Nicola Zalewski,Roma,M(L),7,596,0,0,0,0,0.4,78.0,0.2,0,6.4
Amine Salama,Angers,FW,5,529,3,1,0,0,1.2,74.8,0.5,0,6.4
Ivan Sunjic,Hertha Berlin,DMC,10,844,0,0,4,0,0.5,76.4,0.5,1,6.4
Rafa Mir,Sevilla,FW,7,562,2,0,1,0,2.7,71.4,1.2,1,6.4
Darko Lazovic,Verona,M(CLR),10,838,0,1,0,0,1.0,67.5,0.5,0,6.4
Joakim Maehle,Atalanta,"D(LR),M(LR)",8,804,0,1,2,0,0.8,80.7,0.1,0,6.4
Gian Marco Ferrari,Sassuolo,D(C),14,1259,0,0,5,0,0.3,86.2,1.3,0,6.4
Adrien Thomasson,Strasbourg,M(CLR),8,758,0,2,2,0,1.2,83.1,0.3,0,6.4
Rick Karsdorp,Roma,"D(R),M(R)",7,550,0,0,0,0,0.1,77.7,0.4,0,6.4
Mitchell van Bergen,Reims,"AM(LR),FW",3,420,0,1,1,0,1.2,73.6,0.2,0,6.4
Mateo Kovacic,Chelsea,M(CL),5,634,0,1,2,0,0.7,83.4,0.4,0,6.39
Thomas Henry,Verona,FW,13,1031,2,0,4,0,1.1,54.5,2.8,1,6.39
Cristiano Ronaldo,Man Utd,"M(L),FW",4,520,1,0,2,0,2.5,76.6,1.5,1,6.39
Joaquín Correa,Inter,"AM(CL),FW",3,332,3,1,1,0,0.7,73.0,0.3,0,6.39
Victor Chust,Cadiz,D(C),9,852,1,0,3,0,0.1,83.1,1.5,0,6.39
Matheus Henrique,Sassuolo,M(C),4,484,0,0,2,0,0.8,85.7,0.4,0,6.39
Sanjin Prcic,Strasbourg,M(C),9,789,0,1,1,1,1.2,84.1,0.6,0,6.39
Rubén Vargas,Augsburg,"AM(CLR),FW",5,491,1,1,1,0,0.5,54.8,0.7,0,6.39
Rodrigo Riquelme,Girona,AM(C),9,798,3,0,0,0,1.8,74.1,0.1,0,6.39
Jérémy Le Douaron,Brest,"AM(L),FW",6,521,3,0,1,0,1.7,73.9,1.5,1,6.39
Charles Pickel,Cremonese,M(C),12,1011,1,0,3,0,1.1,82.1,1.1,0,6.39
Nemanja Maksimovic,Getafe,M(C),10,718,0,0,0,0,0.3,82.6,0.7,0,6.39
Marlon Santos,Monza,D(C),10,826,0,0,3,0,0.3,92.9,1.8,0,6.39
Sofyan Amrabat,Fiorentina,DMC,10,819,0,0,7,0,0.4,90.8,0.3,0,6.39
Michail Antonio,West Ham,"D(R),M(CLR),FW",6,605,2,1,1,0,1.0,56.6,1.1,0,6.39
Miguel Veloso,Verona,M(C),10,824,0,0,4,0,0.9,76.3,0.4,0,6.38
Gonçalo Guedes,Wolves,"AM(CLR),FW",8,693,1,1,1,0,1.6,75.1,0.6,0,6.38
Leandro Paredes,Juventus,DMC,3,385,0,0,2,0,0.7,94.6,0.1,0,6.38
Thomas Delaine,Strasbourg,"D(L),M(LR)",8,714,0,1,2,0,0.3,70.5,0.7,0,6.38
Elvis Rexhbecaj,Augsburg,M(C),14,1223,0,0,5,0,0.5,60.1,1.4,0,6.38
Íñigo Eguaras,Almeria,M(C),6,495,1,1,2,0,0.4,84.9,0.2,0,6.38
Rodri,Real Betis,AM(LR),10,704,1,0,0,0,0.5,90.3,0.0,0,6.38
Joseba Zaldua,Cadiz,D(R),7,640,0,1,4,0,0.1,70.1,1.9,0,6.38
Lee Buchanan,Werder Bremen,"D(L),M(L)",1,217,1,0,1,0,0.4,75.3,0.6,0,6.38
Sergi Gómez,Espanyol,D(CR),10,895,0,0,0,1,0.2,86.6,1.2,0,6.38
Thilo Kehrer,West Ham,"D(CLR),M(R)",13,1170,0,0,4,0,0.4,85.5,1.2,0,6.38
Alexis Claude-Maurice,Lens,AM(CL),1,213,0,2,0,0,0.6,80.9,0.3,0,6.38
Fred,Man Utd,M(C),4,394,1,0,2,0,1.3,81.3,0.1,0,6.38
Daniel-Kofi Kyereh,Freiburg,"AM(CLR),FW",5,432,2,0,1,0,1.0,79.3,0.8,0,6.38
Josko Gvardiol,RBL,D(CL),8,765,0,0,0,0,0.5,89.1,0.8,0,6.37
Nicolò Cambiaghi,Empoli,Forward,1,247,1,0,1,0,0.7,81.5,0.1,0,6.37
Riccardo Saponara,Fiorentina,AM(CL),4,445,0,2,1,0,1.1,81.1,0.3,0,6.37
Gianluca Caprari,Monza,"AM(CLR),FW",13,971,1,1,1,0,1.6,85.4,0.2,0,6.37
Philippe Coutinho,Aston Villa,M(CLR),6,570,0,0,2,0,1.3,82.4,0.3,0,6.37
Falaye Sacko,Montpellier,"D(CR),M(R)",10,882,0,2,1,0,0.3,82.3,0.3,0,6.37
Jeison Murillo,Sampdoria,D(C),7,638,0,0,2,0,0.1,82.2,2.7,0,6.37
Alex Ferrari,Sampdoria,D(CR),10,869,0,0,3,0,0.4,85.1,1.8,0,6.37
Lucas Boyé,Elche,"AM(L),FW",9,736,1,2,2,1,0.8,80.1,0.7,0,6.37
Tommaso Pobega,AC Milan,M(C),5,444,0,0,1,0,0.8,75.8,0.6,0,6.37
Steve Cook,Nottingham Forest,D(C),11,959,0,0,4,0,0.3,80.7,2.3,0,6.37
Clément Vidal,AC Ajaccio,D(C),6,574,0,0,1,1,0.7,80.7,2.3,0,6.37
Enzo Tchato Mbiayi,Montpellier,D(R),7,690,1,1,0,0,0.3,75.3,0.9,0,6.37
Grejohn Kyei,Clermont Foot,FW,6,596,2,1,2,0,1.0,70.5,0.7,1,6.37
Mathieu Coutadeur,AC Ajaccio,M(C),9,805,0,0,0,0,0.2,85.3,0.4,0,6.37
Ilia Gruev,Werder Bremen,DMC,9,718,0,0,1,0,0.2,87.4,0.5,0,6.37
Kevin Trapp,Eintracht Frankfurt,GK,15,1350,0,0,2,0,0.0,59.1,0.1,0,6.37
Cristian Gamboa,Bochum,"D(R),M(R)",15,1279,0,0,2,0,0.5,67.0,0.8,0,6.37
Nicolas Haas,Empoli,M(C),9,748,1,0,2,0,0.5,76.1,0.1,0,6.37
Mahdi Camara,Brest,"D(CR),DMC",7,585,0,0,0,0,0.6,88.2,0.4,0,6.36
Romain Hamouma,AC Ajaccio,"M(CLR),FW",8,598,2,1,1,2,1.1,81.7,0.7,0,6.36
Mehdi Léris,Sampdoria,M(CLR),10,850,0,1,5,0,0.8,71.8,1.7,0,6.36
Isaac Success,Udinese,"AM(LR),FW",8,760,0,3,2,0,0.7,64.6,1.3,0,6.36
Leandro Barreiro,Mainz,DMC,7,666,0,0,2,0,0.7,70.9,0.9,0,6.36
Juan Cruz,Osasuna,D(CL),11,1004,0,0,4,0,0.1,81.2,0.4,0,6.36
Largie Ramazani,Almeria,FW,9,800,2,0,4,0,1.6,69.0,0.1,0,6.36
Martin Hongla,Verona,"D(C),DMC",6,524,0,0,4,0,0.6,80.8,0.6,0,6.36
Aritz Elustondo,Real Sociedad,D(CR),7,619,0,0,3,1,0.4,84.5,1.1,0,6.36
Lewis O'Brien,Nottingham Forest,"D(L),M(CL)",6,524,1,0,2,0,0.6,79.7,0.2,0,6.35
Stanley Nsoki,Hoffenheim,D(CL),7,644,0,0,1,0,0.2,80.3,1.2,0,6.35
Raúl García,Athletic Bilbao,"M(CLR),FW",2,348,1,1,1,0,1.8,66.4,0.5,0,6.35
Adam Armstrong,Southampton,"AM(CLR),FW",11,879,1,1,0,0,1.1,77.5,0.1,0,6.35
Jamie Vardy,Leicester,"AM(L),FW",8,750,1,4,1,0,0.8,59.3,0.8,0,6.35
Gauthier Gallon,Troyes,GK,12,1080,0,0,3,0,0.0,70.6,0.3,0,6.35
Jean-Paul Boëtius,Hertha Berlin,"AM(CL),FW",5,572,0,0,2,0,0.4,73.8,0.3,0,6.35
Arnaud Souquet,Montpellier,"D(CR),M(R)",3,339,0,0,1,0,0.1,75.7,0.9,0,6.35
Remo Freuler,Nottingham Forest,DMC,9,834,0,0,2,0,0.3,80.4,0.7,0,6.35
Kike García,Osasuna,FW,3,419,2,0,3,0,1.4,71.8,1.4,0,6.35
Pedro Bigas,Elche,D(CL),12,972,0,0,2,0,0.5,82.1,0.7,0,6.35
Adama Soumaoro,Bologna,D(CR),9,786,0,0,1,1,0.2,92.4,1.2,0,6.35
Denis Huseinbasic,FC Koln,Midfielder,3,372,2,1,1,0,0.8,85.7,0.3,0,6.34
Mattia Caldara,Spezia,D(C),6,598,0,0,2,0,0.7,76.6,1.0,0,6.34
Fabio Miretti,Juventus,AM(C),6,621,0,1,1,0,1.1,72.1,0.2,0,6.34
Antonín Barak,Fiorentina,AM(CR),8,705,1,0,2,0,0.8,79.9,0.6,0,6.34
Tolgay Arslan,Udinese,M(C),6,507,1,0,1,0,0.6,83.8,0.2,0,6.34
Riad Nouri,AC Ajaccio,Midfielder,6,726,1,1,2,0,0.7,76.9,0.5,0,6.34
Samú Costa,Almeria,M(C),8,766,0,0,3,0,0.5,80.5,0.7,0,6.34
Anthony Elanga,Man Utd,AM(LR),5,371,0,1,0,0,0.7,78.1,0.6,0,6.34
Yasser Larouci,Troyes,D(L),9,750,0,0,0,0,0.2,79.7,0.8,0,6.34
Pierrick Capelle,Angers,"D(L),M(CLR)",6,577,0,1,4,0,0.8,83.6,0.7,0,6.34
Dennis Appiah,Nantes,"D(CLR),M(R)",9,796,0,0,1,0,0.3,75.9,1.1,0,6.34
Giulio Maggiore,Salernitana,M(C),9,659,0,0,1,0,0.4,77.2,0.6,0,6.34
Jacob Murphy,Newcastle,"D(R),M(LR)",5,487,1,1,0,0,0.8,66.9,0.1,0,6.34
Habib Diarra,Strasbourg,M(C),4,437,0,0,0,0,0.7,76.2,0.4,0,6.34
Pablo Rosario,Nice,"D(C),DMC",7,673,0,0,4,0,0.3,89.8,0.6,0,6.33
Hugo Mallo,Celta Vigo,"D(CR),M(R)",11,878,0,0,3,0,0.7,80.3,1.5,0,6.33
Jeong Woo-Yeong,Freiburg,"AM(CR),FW",3,463,1,1,1,0,0.5,79.2,0.2,0,6.33
Nedim Bajrami,Empoli,AM(C),7,807,1,0,0,0,1.3,78.7,0.1,0,6.33
Soualiho Meïté,Cremonese,M(C),9,694,0,0,4,0,0.6,79.9,0.8,0,6.33
Lorenzo Colombo,Lecce,FW,5,468,3,2,2,0,1.2,70.4,1.0,0,6.33
Marcos André,Valencia,FW,3,366,1,0,2,1,1.4,66.7,0.9,0,6.33
Rui Patrício,Roma,GK,15,1350,0,0,1,0,0.0,78.7,0.0,0,6.33
Riccardo Orsolini,Bologna,"M(CR),FW",6,619,2,1,2,1,1.9,60.9,0.5,0,6.33
Odilon Kossounou,Leverkusen,D(CR),5,516,0,1,0,0,0.1,82.8,1.2,0,6.33
Sékou Mara,Southampton,FW,2,209,0,1,0,0,1.2,66.7,0.9,0,6.33
Sargis Adamyan,FC Koln,"AM(CLR),FW",3,430,1,1,1,0,1.1,75.2,0.6,0,6.33
Luis Hernández,Cadiz,D(CR),12,1080,0,0,0,1,0.3,79.1,1.3,0,6.33
Juan Carlos Martín,Girona,GK,10,900,0,0,0,0,0.0,82.4,0.1,0,6.33
Dominick Drexler,Schalke,AM(CLR),10,736,2,3,2,1,0.8,67.6,1.0,1,6.33
Morten Thorsby,Union Berlin,M(CLR),4,431,1,0,1,0,0.6,68.5,1.0,0,6.33
Atakan Karazor,Stuttgart,"D(C),DMC",5,482,0,0,5,0,0.2,84.3,0.6,0,6.32
Florian Müller,Stuttgart,GK,15,1350,0,0,0,0,0.0,79.9,0.3,0,6.32
Jerdy Schouten,Bologna,DMC,10,856,0,0,1,0,0.2,82.5,0.6,0,6.32
Simon Zoller,Bochum,"AM(LR),FW",13,987,3,1,3,0,1.8,63.5,0.9,1,6.32
Valère Germain,Montpellier,"AM(CLR),FW",2,287,2,0,0,1,0.7,75.2,1.5,0,6.32
Andoni Gorosabel,Real Sociedad,D(R),8,716,0,0,2,0,0.5,87.4,0.5,0,6.32
Remi Oudin,Lecce,"M(CLR),FW",1,210,0,0,1,0,0.8,62.6,0.4,0,6.32
Joan Jordán,Sevilla,M(C),9,687,0,0,2,0,0.6,86.9,0.5,0,6.32
Alex Král,Schalke,DMC,10,905,0,0,1,0,0.7,69.7,0.8,0,6.32
Federico Bonazzoli,Salernitana,"AM(C),FW",9,735,1,1,1,0,1.6,76.7,0.1,0,6.32
Frank Onyeka,Brentford,DMC,4,439,0,1,0,0,0.3,75.6,0.4,0,6.32
José Morales,Villarreal,"D(R),M(CLR),FW",3,421,1,0,0,0,1.0,63.2,0.5,0,6.32
Iago,Augsburg,"D(L),M(L)",13,1093,0,1,2,1,0.5,63.1,0.5,0,6.32
Benjamin Leroy,AC Ajaccio,GK,14,1179,0,0,0,0,0.0,56.0,0.1,0,6.32
Wilfred Ndidi,Leicester,"D(C),DMC",7,637,0,0,2,0,0.2,87.7,0.5,0,6.32
Toni Villa,Girona,AM(CL),3,286,0,0,1,0,0.9,81.6,0.0,0,6.31
Javier Puado,Espanyol,"AM(LR),FW",8,751,1,0,0,0,1.5,83.7,0.2,0,6.31
Iddrisu Baba,Mallorca,DMC,6,547,0,0,2,0,0.1,85.2,0.6,0,6.31
Angelo Stiller,Hoffenheim,DMC,1,235,0,1,0,0,0.2,79.3,0.6,0,6.31
Pavel Kaderábek,Hoffenheim,"D(R),M(LR)",5,596,1,0,0,0,0.2,70.0,0.5,0,6.31
Pascal Stenzel,Stuttgart,"D(CR),M(R)",2,224,0,1,0,0,0.2,77.2,0.0,0,6.31
Scott McKenna,Nottingham Forest,D(C),14,1260,0,0,4,0,0.1,81.2,1.7,0,6.31
Kevin Kampl,RBL,M(CLR),9,722,0,0,4,0,0.3,91.2,0.2,0,6.31
Rasmus Højlund,Atalanta,Forward,4,433,1,1,1,0,1.1,76.6,0.9,0,6.31
Luka Milivojevic,Crystal Palace,DMC,2,274,0,0,0,0,0.6,83.4,0.6,0,6.31
Borja Mayoral,Getafe,FW,14,1116,1,0,2,0,1.2,74.9,0.9,0,6.31
Davie Selke,Hertha Berlin,FW,3,276,1,1,1,0,0.5,62.1,1.7,0,6.31
Nélson Semedo,Wolves,"D(LR),M(R)",8,679,0,1,3,1,0.1,81.8,0.5,0,6.31
Samuel Moutoussamy,Nantes,M(CL),10,832,0,1,4,0,1.1,85.6,0.4,0,6.31
Théo Bongonda,Cadiz,AM(LR),5,447,1,0,0,0,0.8,78.8,0.3,0,6.31
Enzo Ebosse,Udinese,D(C),7,760,0,0,3,0,0.2,83.4,1.0,0,6.31
Papu Gómez,Sevilla,"M(CLR),FW",6,647,0,1,4,0,1.3,91.3,0.2,0,6.31
Amadou Haidara,RBL,M(CLR),4,465,1,1,2,0,0.8,83.0,0.4,0,6.31
Shandon Baptiste,Brentford,AM(C),4,428,0,0,1,0,0.2,84.3,0.3,0,6.31
Bonke Innocent,Lorient,DMC,7,612,0,1,2,0,0.2,90.8,0.3,0,6.31
Agustín Álvarez Martínez,Sassuolo,Forward,0,163,1,1,1,0,1.1,87.2,0.6,0,6.31
Milan Djuric,Verona,FW,2,277,0,0,2,0,0.3,49.5,4.3,0,6.3
Florian Dietz,FC Koln,Forward,4,394,1,0,1,0,1.5,55.1,2.2,0,6.3
Gumbau,Elche,DMC,9,834,0,3,5,0,0.6,84.1,0.4,0,6.3
Jordi Osei-Tutu,Bochum,"D(R),M(LR)",5,495,0,0,1,0,0.7,75.0,0.2,0,6.3
Alfred Duncan,Fiorentina,DMC,2,285,0,0,0,0,0.1,79.1,0.3,0,6.3
Óscar Mingueza,Celta Vigo,D(CR),4,475,0,0,2,0,0.3,84.4,0.3,0,6.3
Ronaldo Vieira,Sampdoria,DMC,5,531,0,0,1,0,0.2,91.1,0.6,0,6.3
Sebastian Polter,Schalke,"AM(R),FW",4,458,1,2,2,0,0.4,56.9,1.9,0,6.3
Islam Slimani,Brest,FW,10,837,1,1,4,0,1.2,73.1,1.8,0,6.3
Sven Michel,Union Berlin,"AM(L),FW",0,220,3,0,2,0,0.5,62.2,1.2,0,6.3
Sebastian Rudy,Hoffenheim,"D(R),M(CR)",1,243,0,1,0,0,0.0,80.3,0.0,0,6.29
Fran Beltrán,Celta Vigo,DMC,13,1126,0,1,1,0,0.8,92.4,0.5,0,6.29
Iván Alejo,Cadiz,AM(R),8,660,0,1,5,0,0.7,70.1,1.2,0,6.29
Tanguy Nianzou,Sevilla,D(C),8,643,0,0,0,1,0.3,91.2,1.0,0,6.29
Federico Di Francesco,Lecce,"M(LR),FW",8,654,1,1,4,0,0.6,70.9,0.2,0,6.29
Mitchel Bakker,Leverkusen,"D(L),M(L)",9,765,1,1,1,1,0.5,76.8,0.5,0,6.29
Omar Mascarell,Elche,DMC,12,1016,0,0,3,0,0.2,86.4,0.8,0,6.29
Mikkel Damsgaard,Brentford,AM(CL),1,261,0,0,2,0,0.3,74.1,0.1,0,6.29
Marcus Coco,Nantes,"M(LR),FW",3,215,0,0,0,0,0.3,76.8,0.8,0,6.29
Ivan Rakitic,Sevilla,M(C),6,524,0,0,1,1,0.7,82.6,0.6,0,6.28
Stuart Armstrong,Southampton,AM(CLR),7,690,1,0,2,0,0.9,81.8,0.4,0,6.28
Jesús Navas,Sevilla,"D(R),M(R)",6,624,0,0,3,0,0.5,81.0,0.4,0,6.28
Valery Fernández,Girona,M(L),4,397,0,1,1,0,0.4,88.6,0.0,0,6.28
Thorgan Hazard,Borussia Dortmund,"M(CLR),FW",2,455,0,0,1,0,0.6,80.0,0.3,0,6.28
Andreas Bruus,Troyes,D(R),5,505,0,1,2,0,0.2,73.6,0.0,0,6.28
Enzo Millot,Stuttgart,Midfielder,3,350,0,0,2,0,0.5,84.1,0.2,0,6.27
Julian Jeanvier,Auxerre,D(C),9,728,1,0,1,1,0.4,88.5,0.8,0,6.27
Khalil Fayad,Montpellier,Midfielder,4,326,0,1,0,1,0.4,82.3,0.2,0,6.27
Cyriel Dessers,Cremonese,FW,11,865,2,1,1,0,2.1,63.2,0.4,0,6.27
Ezequiel Ponce,Elche,"AM(L),FW",4,506,2,0,2,0,0.9,73.7,1.2,0,6.27
Clément Grenier,Mallorca,M(CL),4,404,0,0,6,0,0.2,80.2,0.0,0,6.27
Djené Dakonam,Getafe,D(C),12,1004,0,0,4,0,0.2,84.2,1.2,0,6.27
Keidi Bare,Espanyol,DMC,3,328,0,0,0,0,0.4,84.8,0.4,0,6.27
Yves Bissouma,Tottenham,M(C),6,602,0,0,3,0,0.4,91.6,0.1,0,6.27
Angelo Fulgini,Mainz,"AM(CLR),FW",5,490,0,1,0,0,0.4,82.3,0.3,0,6.27
Yannik Keitel,Freiburg,DMC,4,345,0,1,2,0,0.0,83.1,0.5,0,6.27
Tanguy Ndombélé,Napoli,M(C),6,467,0,0,2,0,0.9,89.5,0.3,0,6.26
Léo Leroy,Montpellier,DMC,2,251,0,0,3,0,0.4,71.2,0.8,0,6.26
Gonzalo Escalante,Cremonese,DMC,7,556,0,1,0,1,0.7,77.6,1.0,0,6.26
Andrea Petagna,Monza,FW,6,534,1,1,0,0,0.8,73.8,0.5,0,6.26
Armando Broja,Chelsea,FW,2,290,1,0,0,0,0.5,62.3,0.8,0,6.26
Brian Ocampo,Cadiz,M(L),7,562,0,0,1,0,0.5,77.4,0.5,0,6.26
Emre Can,Borussia Dortmund,"D(CLR),DMC",3,394,0,0,4,0,0.3,88.8,0.5,0,6.26
Neal Maupay,Everton,"AM(C),FW",6,554,1,0,1,0,1.3,82.1,0.5,0,6.26
Gonçalo Paciência,Celta Vigo,FW,3,328,1,0,1,1,1.5,56.3,1.4,0,6.26
José Mari,Cadiz,DMC,2,282,0,0,1,0,0.2,80.9,0.3,0,6.26
Marvin Schwäbe,FC Koln,GK,15,1350,0,0,0,0,0.0,79.4,0.1,1,6.26
Gauthier Hein,Auxerre,AM(R),8,672,1,0,0,0,0.7,89.3,0.1,0,6.26
Iké Ugbo,Troyes,FW,5,385,1,1,0,0,0.5,72.7,0.2,0,6.26
Jim Allevinah,Clermont Foot,AM(LR),5,542,1,0,1,0,0.9,83.2,0.2,0,6.25
Dion Lopy,Reims,DMC,8,608,0,0,2,2,0.5,84.1,0.6,0,6.25
Erhan Masovic,Bochum,D(C),7,719,0,0,0,0,0.1,83.6,1.2,0,6.25
Pablo Sarabia,PSG,"D(L),M(CLR),FW",3,314,0,0,1,0,0.3,83.6,0.0,0,6.25
Oliver Burke,Werder Bremen,"AM(LR),FW",1,242,2,0,0,0,0.6,72.2,0.5,0,6.25
Christian Pulisic,Chelsea,"M(CLR),FW",3,415,1,1,1,0,0.8,82.8,0.3,0,6.25
Valerio Verre,Sampdoria,"AM(CL),FW",3,426,0,0,5,0,0.7,77.1,0.5,0,6.25
Dyego Sousa,Almeria,FW,2,302,0,1,1,0,0.8,69.6,1.2,0,6.25
Kieran Tierney,Arsenal,"D(CL),M(L)",3,346,0,0,0,0,0.4,77.7,0.0,0,6.25
Lucas Alario,Eintracht Frankfurt,FW,2,234,1,0,0,0,0.8,70.9,0.8,0,6.25
Kingsley Ehizibue,Udinese,"D(R),M(R)",2,339,0,0,2,0,0.2,75.3,0.5,0,6.25
Luca Kilian,FC Koln,D(C),13,1099,1,0,1,2,0.3,86.2,1.7,0,6.24
Jon Moncayola,Osasuna,DMC,9,873,0,0,2,0,1.2,85.0,0.3,0,6.24
Liam Henderson,Empoli,AM(C),7,600,0,1,4,0,0.4,80.1,0.2,0,6.24
Matthis Abline,Rennes,Forward,0,96,1,0,0,0,0.6,50.0,0.1,0,6.24
Cédric Hountondji,Angers,D(C),15,1338,0,0,2,0,0.4,87.4,1.1,0,6.24
Nicolò Zaniolo,Roma,"AM(CR),FW",10,772,1,0,3,0,2.0,69.0,0.4,0,6.24
Taiwo Awoniyi,Nottingham Forest,FW,6,512,3,0,0,0,1.2,78.3,0.5,0,6.24
Birger Meling,Rennes,"D(LR),DMC",2,276,0,0,1,1,0.0,84.6,0.9,0,6.24
Cédric Avinel,AC Ajaccio,D(C),8,696,1,0,1,1,0.2,84.4,1.4,1,6.24
Jens Stage,Werder Bremen,M(C),6,560,0,1,0,0,0.3,62.1,0.6,0,6.24
Daniel Caligiuri,Augsburg,"D(R),M(CLR),FW",2,255,1,0,1,0,0.5,62.8,0.2,0,6.24
Ismaël Diallo,AC Ajaccio,D(L),10,927,0,0,3,0,0.1,77.8,0.8,0,6.24
Achraf Dari,Brest,D(C),8,720,1,0,1,0,0.4,81.6,2.0,0,6.24
Helibelton Palacios,Elche,D(R),8,707,0,0,3,0,0.3,81.3,0.7,0,6.24
Adrien Tameze,Verona,M(C),12,1061,0,0,1,0,0.4,74.9,0.9,0,6.24
Kaan Ayhan,Sassuolo,"D(CR),DMC",5,543,0,0,1,0,0.1,86.9,0.3,0,6.24
Chris Wood,Newcastle,FW,2,265,1,0,0,0,0.4,63.2,1.1,0,6.24
Lilian Egloff,Stuttgart,Midfielder,2,231,0,0,1,0,0.9,62.3,0.1,0,6.23
Brennan Johnson,Nottingham Forest,"AM(CLR),FW",13,1189,2,0,2,0,1.3,61.3,0.7,0,6.23
Dimitri Foulquier,Valencia,"D(CLR),M(R)",2,283,0,1,2,0,0.1,67.3,0.7,0,6.23
Erik Botheim,Salernitana,Forward,3,326,1,1,1,0,0.3,65.4,0.9,0,6.23
Jaidon Anthony,Bournemouth,AM(L),1,265,2,0,0,0,0.6,72.1,0.4,0,6.23
Domagoj Bradaric,Salernitana,"D(L),M(L)",4,501,0,1,1,0,0.4,84.5,0.4,0,6.23
Florent Ogier,Clermont Foot,D(C),7,670,0,1,2,0,0.2,84.6,1.6,0,6.23
Michel Aebischer,Bologna,AM(CR),7,623,1,0,2,0,0.7,83.3,0.4,0,6.23
Javi Hernández,Girona,Defender,4,364,0,1,1,0,0.4,85.4,0.4,0,6.23
Arnaut Danjuma,Villarreal,"AM(L),FW",6,478,2,0,0,0,0.9,72.8,0.0,0,6.23
Rayan Raveloson,Auxerre,DMC,8,726,0,0,0,0,0.8,87.0,0.6,0,6.23
Raúl Guti,Elche,DMC,8,622,0,0,1,0,0.5,85.6,0.2,0,6.23
Anthony Lozano,Cadiz,"AM(L),FW",8,757,0,0,2,0,1.1,67.9,2.7,0,6.22
Kristoffer Askildsen,Lecce,M(C),6,503,0,0,2,0,0.8,68.8,0.9,0,6.22
Moussa Diarra,Toulouse,D(C),5,551,0,0,0,0,0.1,84.9,0.5,0,6.22
Tom Cairney,Fulham,M(CR),1,330,0,0,0,0,0.5,89.6,0.2,0,6.22
Kingsley Schindler,FC Koln,"D(R),M(R),FW",3,480,0,0,3,0,0.0,66.3,0.9,0,6.22
Radamel Falcao,Rayo Vallecano,FW,3,398,2,0,2,0,1.1,73.4,1.0,0,6.22
Rafael Borré,Eintracht Frankfurt,FW,4,400,1,1,0,0,0.7,74.8,0.3,0,6.22
Vasilios Lampropoulos,Bochum,D(C),5,475,0,0,1,0,0.4,67.4,1.0,0,6.22
Luca Pfeiffer,Stuttgart,FW,4,404,0,0,1,1,0.8,61.5,2.0,0,6.22
Sergi Guardiola,Real Valladolid,FW,6,381,0,0,0,0,0.9,59.5,0.7,0,6.22
Carles Pérez,Celta Vigo,"AM(CR),FW",7,599,0,2,1,0,0.9,89.8,0.1,0,6.22
Lorenzo De Silvestri,Bologna,"D(R),M(R)",5,517,0,0,1,0,0.4,68.4,1.0,0,6.22
Ibrahima Koné,Lorient,FW,2,294,2,0,2,0,0.2,59.2,1.6,0,6.22
M'Baye Niang,Auxerre,"AM(LR),FW",7,561,2,0,1,2,1.3,65.0,3.2,0,6.22
Pietro Pellegri,Torino,FW,4,370,1,0,2,0,0.5,76.4,0.7,0,6.21
Toma Basic,Lazio,M(C),3,274,0,0,1,0,0.5,81.3,0.5,0,6.21
Ondrej Duda,FC Koln,"AM(C),FW",9,694,0,0,4,0,0.9,77.3,0.4,0,6.21
Robin Gosens,Inter,"D(L),M(CL)",1,235,1,0,1,0,0.3,84.0,0.2,0,6.21
Tommaso Augello,Sampdoria,D(L),12,1090,0,2,1,0,0.2,78.2,1.1,0,6.21
Yayah Kallon,Verona,Forward,3,404,1,0,0,0,0.7,73.1,0.3,0,6.21
Lucas Pérez,Cadiz,"AM(CR),FW",5,589,2,0,2,0,1.2,83.4,0.2,0,6.2
Benjamin Lecomte,Espanyol,GK,10,900,0,0,1,1,0.0,63.2,0.0,1,6.2
Jean-Philippe Mateta,Crystal Palace,FW,2,276,1,0,2,0,1.0,67.2,0.9,0,6.2
Hugo Duro,Valencia,"AM(L),FW",4,390,1,0,0,0,1.1,74.7,0.4,0,6.2
Mattia Destro,Empoli,FW,6,459,1,0,2,0,1.8,55.2,0.6,0,6.2
Rodrigo Battaglia,Mallorca,M(C),7,594,0,0,5,0,0.2,83.3,0.8,0,6.2
Antonio Sánchez,Mallorca,AM(CR),7,579,0,0,4,0,0.6,81.7,0.3,0,6.2
Rubén Alcaraz,Cadiz,DMC,5,513,0,0,3,1,0.9,79.2,0.7,0,6.2
Abdou Harroui,Sassuolo,"DMC,M(R)",2,283,1,0,1,0,0.8,82.4,0.3,0,6.2
Eddie Nketiah,Arsenal,FW,0,142,0,0,0,0,0.7,84.0,0.2,0,6.2
Kelechi Iheanacho,Leicester,"AM(C),FW",1,211,1,1,0,0,1.0,81.4,0.0,0,6.19
Christian Gytkjær,Monza,FW,2,331,1,0,0,0,0.8,67.9,0.4,0,6.19
Ryan Gravenberch,Bayern,DMC,0,175,0,0,1,0,0.6,85.9,0.0,0,6.19
Giacomo Quagliata,Cremonese,D(L),3,407,0,0,0,0,0.8,72.0,0.0,0,6.19
Kevin Lasagna,Verona,"AM(CL),FW",9,844,1,2,1,0,2.5,57.8,0.5,0,6.19
Jesse Lingard,Nottingham Forest,"AM(CLR),FW",10,814,0,0,1,0,0.8,80.0,0.1,0,6.19
Arne Maier,Augsburg,M(C),6,530,0,0,0,0,0.8,75.8,0.4,0,6.19
Dimitrios Nikolaou,Spezia,D(C),13,1149,0,0,3,1,0.4,81.5,0.6,0,6.19
Jacob Bruun Larsen,Hoffenheim,"AM(CL),FW",3,290,1,0,0,0,0.5,75.0,0.2,0,6.19
Shon Weissman,Real Valladolid,FW,5,559,1,0,0,0,1.3,77.4,0.4,0,6.19
Aleix Vidal,Espanyol,"D(R),M(LR)",4,448,0,0,3,0,0.2,77.1,0.2,0,6.19
Silvère Ganvoula,Bochum,FW,0,146,0,0,1,0,0.8,58.3,1.4,0,6.19
Ibrahima Diallo,Southampton,DMC,6,452,0,0,1,0,0.3,80.1,0.9,0,6.19
Daniel Ciofani,Cremonese,FW,2,238,2,0,0,0,0.8,54.7,1.3,0,6.18
Nicolás Melamed,Espanyol,AM(L),3,176,0,0,2,0,0.3,83.6,0.2,0,6.18
Jordan Larsson,Schalke,"AM(CR),FW",3,336,0,0,0,0,1.0,74.4,0.7,0,6.17
Tete Morente,Elche,AM(CLR),8,719,0,0,3,0,1.0,84.7,0.5,0,6.17
Igor Julio,Fiorentina,"D(C),M(L)",8,724,0,0,2,1,0.2,90.6,1.6,0,6.17
Emmanuel Dennis,Nottingham Forest,"M(LR),FW",3,342,1,1,2,0,0.9,73.8,0.6,0,6.16
Ismail Jakobs,Monaco,"D(L),M(L)",3,334,0,0,1,0,0.3,76.3,0.8,0,6.16
Sada Thioub,Angers,M(LR),4,418,0,1,2,0,0.2,82.9,0.1,0,6.16
Tariq Lamptey,Brighton,"D(R),M(R)",0,181,0,0,1,0,0.1,81.7,0.1,0,6.16
Emmanuel Gyasi,Spezia,"M(LR),FW",13,1045,0,0,4,0,1.3,81.1,0.5,0,6.16
Youssouf M'Changama,Auxerre,M(C),3,294,0,0,0,0,0.2,87.1,0.1,0,6.16
Mohamed Bayo,Lille,FW,2,211,0,0,0,0,0.7,56.8,0.4,0,6.16
Youssef En-Nesyri,Sevilla,FW,2,354,0,0,1,0,1.6,56.6,1.5,0,6.16
Rémy Dugimont,Auxerre,Forward,0,101,0,1,1,0,0.4,67.8,0.8,0,6.16
Francesco Caputo,Sampdoria,FW,13,1100,1,0,0,0,1.3,71.9,0.4,0,6.16
Matteo Cancellieri,Lazio,Forward,1,184,0,0,1,0,0.3,76.9,0.3,0,6.15
Salvi Sánchez,Rayo Vallecano,AM(R),3,259,0,0,2,0,0.2,60.5,0.1,0,6.15
Hwang Hee-Chan,Wolves,"AM(CLR),FW",3,322,0,1,0,0,0.5,72.7,0.1,0,6.15
Abdallah Sima,Angers,"AM(R),FW",6,554,0,0,0,0,0.7,74.3,1.3,0,6.15
Joe Gelhardt,Leeds,FW,1,162,0,1,1,0,0.7,76.5,0.5,0,6.15
Fede San Emeterio,Cadiz,DMC,11,797,0,0,4,0,0.2,81.4,0.7,0,6.15
Jaime Seoane,Getafe,M(C),2,274,0,0,0,0,0.1,81.7,0.1,0,6.14
Billal Brahimi,Nice,Forward,3,323,0,2,0,0,0.3,85.3,0.1,0,6.14
Mateusz Klich,Leeds,M(C),0,188,0,0,1,0,0.3,75.0,0.1,0,6.14
Andrea Belotti,Roma,FW,2,360,0,0,0,0,0.8,69.6,0.5,0,6.14
Raoul Bellanova,Inter,M(R),0,107,0,0,0,0,0.2,89.8,0.1,0,6.13
Kristijan Bistrovic,Lecce,DMC,5,436,0,0,0,0,0.7,80.4,0.2,0,6.13
Manolo Gabbiadini,Sampdoria,"AM(CLR),FW",5,573,1,1,2,0,1.7,67.9,1.2,0,6.13
Domingos Quina,Elche,M(CL),2,262,0,0,1,0,0.7,84.6,0.0,0,6.12
Kenan Karaman,Schalke,"AM(CLR),FW",4,358,0,0,2,0,1.3,68.5,1.3,0,6.12
Josan,Elche,"D(R),M(R)",3,389,1,0,3,0,0.2,81.6,0.3,0,6.12
Willian José,Real Betis,FW,2,264,0,0,0,0,0.8,82.9,0.6,0,6.12
Sébastien Corchia,Nantes,"D(R),M(R)",2,362,0,0,1,0,0.1,75.8,0.2,0,6.12
Florent Mollet,Schalke,AM(CLR),4,408,1,0,1,0,1.2,78.0,0.1,0,6.11
Patrick Bamford,Leeds,"AM(CLR),FW",4,429,0,1,0,0,1.7,74.7,0.6,0,6.11
Kevin Spadanuda,AC Ajaccio,M(L),6,464,0,0,2,0,0.3,80.4,0.1,0,6.11
Batista Mendy,Angers,"D(C),DMC",13,1039,0,0,4,1,0.2,84.4,0.7,0,6.11
Nils Petersen,Freiburg,FW,0,151,0,0,0,0,0.3,52.9,0.3,0,6.11
Patrick Osterhage,Bochum,M(C),3,337,0,0,0,0,0.2,66.9,0.4,0,6.1
Danny Latza,Schalke,M(C),1,178,0,0,1,0,0.2,75.9,0.4,0,6.1
Enzo Roco,Elche,D(C),10,798,0,0,2,0,0.4,85.5,1.4,0,6.09
Albin Ekdal,Spezia,M(C),5,493,0,1,1,1,0.5,71.4,0.5,0,6.08
Ado Onaiwu,Toulouse,Forward,0,279,0,1,0,0,0.6,78.2,0.9,0,6.08
Francisco Portillo,Almeria,M(CLR),1,196,0,0,0,0,0.0,81.8,0.1,0,6.08
Gonzalo Villar,Sampdoria,DMC,8,659,0,0,2,0,0.1,84.3,0.6,0,6.08
Delano Burgzorg,Mainz,AM(L),0,204,0,1,2,0,0.4,78.9,0.0,0,6.07
Fabio Quagliarella,Sampdoria,FW,2,324,0,0,2,0,1.4,70.0,0.4,0,6.06
Portu,Getafe,"M(CLR),FW",3,378,0,0,0,1,0.5,79.2,0.3,0,6.05
Carlos Vinícius,Fulham,FW,3,325,0,0,1,0,0.6,58.6,0.4,0,6.05
Karamoko Dembele,Brest,Forward,0,92,0,0,0,0,0.4,67.4,0.0,0,6.04
Abdón Prats,Mallorca,FW,1,130,0,0,0,0,0.5,76.5,0.1,0,6.04
Oier Zarraga,Athletic Bilbao,M(CR),1,219,0,0,1,0,0.8,87.2,0.3,0,6.04
Irvin Cardona,Brest,"AM(L),FW",1,225,0,0,0,0,0.4,58.9,0.4,0,6.04
Kévin Biakolo,Toulouse,Midfielder,3,298,0,0,1,0,0.1,80.9,0.2,0,6.04
Patrick Herrmann,Borussia M.Gladbach,"M(LR),FW",0,107,1,0,2,0,0.5,70.0,0.1,0,6.01
Mikael Ellertsson,Spezia,Midfielder,1,164,0,0,3,0,0.2,64.9,0.2,0,5.98
